valor,tipo
Ana Sophia Araújo,Nome
Sra. Elisa das Neves,Nome
Vicente Cavalcanti,Nome
Sarah Viana,Nome
Nicolas Pereira,Nome
Antônio Carvalho,Nome
Enzo Santos,Nome
Alice da Paz,Nome
Dra. Pietra Viana,Nome
Clarice Porto,Nome
Emilly Almeida,Nome
Samuel Pereira,Nome
Dr. Davi Lucas da Rosa,Nome
Sr. Bryan Nascimento,Nome
João Gabriel Monteiro,Nome
Emanuella Barbosa,Nome
Sra. Maria Alice Costa,Nome
Ana Júlia Vieira,Nome
Pedro Lucas Moreira,Nome
Caroline Campos,Nome
Rafael Dias,Nome
Bruno Dias,Nome
João Miguel Freitas,Nome
Maysa Moreira,Nome
João Lucas Moraes,Nome
Raul Fogaça,Nome
Dra. Melissa Cardoso,Nome
Maysa da Cunha,Nome
Sabrina Farias,Nome
Lucas Gabriel Nascimento,Nome
Pedro Miguel das Neves,Nome
Giovanna Caldeira,Nome
Arthur Lopes,Nome
Emanuelly Campos,Nome
Miguel Lopes,Nome
Pietro Sales,Nome
Melissa Ramos,Nome
Francisco Cunha,Nome
Vinicius Teixeira,Nome
Vinicius Pereira,Nome
Juliana Moreira,Nome
Daniel Silva,Nome
Ana Laura Barros,Nome
Davi Lucas da Cruz,Nome
Lara Campos,Nome
Isis Rezende,Nome
Eloah Vieira,Nome
Rodrigo Correia,Nome
Maria Alice Fogaça,Nome
Heloísa Correia,Nome
Leandro da Cruz,Nome
Agatha Ferreira,Nome
Sophie da Luz,Nome
Ana Lívia Jesus,Nome
Lívia da Paz,Nome
João Lucas da Cruz,Nome
Stephany Souza,Nome
Noah Martins,Nome
Alexia Correia,Nome
Dr. Erick Caldeira,Nome
Miguel Cardoso,Nome
Thomas Rodrigues,Nome
Vitor Hugo Teixeira,Nome
Cauê Ribeiro,Nome
Bárbara Ferreira,Nome
Maria Pereira,Nome
Marcelo da Paz,Nome
Sra. Juliana Moura,Nome
Manuela Porto,Nome
Felipe das Neves,Nome
Joaquim Aragão,Nome
Maria Clara Dias,Nome
Clarice Almeida,Nome
Thales Caldeira,Nome
Bernardo Azevedo,Nome
Sr. Luiz Gustavo Duarte,Nome
Raul Rodrigues,Nome
Marcelo Costela,Nome
Dra. Maria Julia Ribeiro,Nome
Yuri Ribeiro,Nome
Caroline Castro,Nome
Rafael Pinto,Nome
Dr. Juan Rezende,Nome
Srta. Nicole Castro,Nome
João Mendes,Nome
Felipe da Mota,Nome
Luiz Otávio Porto,Nome
Kevin da Mata,Nome
Lucas Gabriel Farias,Nome
Leonardo Vieira,Nome
Benjamin Viana,Nome
Bryan Duarte,Nome
Juan Rodrigues,Nome
Clara Nunes,Nome
Davi Luiz Nascimento,Nome
João Pedro Ferreira,Nome
Esther Pereira,Nome
Dra. Valentina Rodrigues,Nome
Diogo Gonçalves,Nome
Benício Viana,Nome
Vinicius Lopes,Nome
Benjamin Rocha,Nome
Marcela da Cruz,Nome
Luiz Gustavo Cardoso,Nome
Bernardo Campos,Nome
Eduarda Nunes,Nome
Miguel Farias,Nome
Maria Vitória Barbosa,Nome
Ana Júlia Peixoto,Nome
Maria Luiza Silveira,Nome
Dr. Emanuel Lopes,Nome
Francisco Novaes,Nome
Raul Jesus,Nome
Gabrielly Cardoso,Nome
Lorenzo Castro,Nome
Luiz Otávio da Rosa,Nome
Emanuella Costela,Nome
Sr. Felipe Moura,Nome
Davi Lucca Pires,Nome
Rafaela Jesus,Nome
Milena Souza,Nome
Raul Vieira,Nome
Rafael Cavalcanti,Nome
Francisco Correia,Nome
Vinicius Vieira,Nome
Gabriel Gomes,Nome
Cecília Mendes,Nome
Rodrigo Ferreira,Nome
Luiza Fernandes,Nome
Bryan Pereira,Nome
Augusto Almeida,Nome
Sr. Pedro Miguel Ferreira,Nome
Vicente Pires,Nome
Rafaela Pereira,Nome
Alana Correia,Nome
Ryan da Costa,Nome
Alícia Moura,Nome
Maria Clara da Conceição,Nome
Ana Barbosa,Nome
João Guilherme Barbosa,Nome
Sr. Rodrigo Farias,Nome
Ana Lívia Moraes,Nome
Júlia da Costa,Nome
Davi Lucca da Luz,Nome
Alice da Luz,Nome
Sra. Valentina Oliveira,Nome
Sarah Farias,Nome
Davi Lucca Cavalcanti,Nome
Alícia Ribeiro,Nome
Eduardo Ramos,Nome
Dr. Enzo das Neves,Nome
Rafael da Mota,Nome
Helena Freitas,Nome
Vitor Freitas,Nome
Dr. Renan Teixeira,Nome
Sr. Carlos Eduardo Ferreira,Nome
Nathan Ferreira,Nome
Calebe Pinto,Nome
Dr. Leandro Silva,Nome
João Pedro da Mota,Nome
Augusto Pinto,Nome
Luiz Henrique Teixeira,Nome
Rebeca da Paz,Nome
Dr. Bernardo Melo,Nome
Gabrielly Costa,Nome
Sra. Lívia Lima,Nome
Júlia Martins,Nome
Pietra Gonçalves,Nome
Ana da Mota,Nome
Natália Nascimento,Nome
Sofia da Luz,Nome
Maria Fernanda Jesus,Nome
Maria Clara Almeida,Nome
Gustavo Henrique da Rocha,Nome
Valentina Martins,Nome
Laura Pires,Nome
Clara Silva,Nome
Vitória da Cunha,Nome
Ana Júlia Gomes,Nome
Mirella Melo,Nome
Vitor Gabriel Duarte,Nome
Gabriela das Neves,Nome
Danilo Araújo,Nome
Felipe Ribeiro,Nome
Stella Cardoso,Nome
Kamilly da Mota,Nome
Dra. Joana Sales,Nome
Elisa da Conceição,Nome
Olivia Almeida,Nome
Yago Pereira,Nome
Davi Silveira,Nome
Ana Beatriz Farias,Nome
Lorenzo Cunha,Nome
Natália Souza,Nome
Maria Vitória Lopes,Nome
Mariana Santos,Nome
Maria Clara Porto,Nome
Vinicius Ribeiro,Nome
Emanuella Farias,Nome
Emilly Silveira,Nome
Marina Duarte,Nome
Leonardo Cardoso,Nome
Sra. Eduarda Fogaça,Nome
Dr. Marcelo Cardoso,Nome
Davi Lucas Dias,Nome
Olivia da Costa,Nome
Srta. Ana Clara Peixoto,Nome
Helena Viana,Nome
Kamilly Caldeira,Nome
Kaique Nogueira,Nome
Pietra Aragão,Nome
Isis Rocha,Nome
João Gabriel Jesus,Nome
Kamilly Teixeira,Nome
Dra. Maria Cecília das Neves,Nome
Clarice Fogaça,Nome
Luiza Araújo,Nome
Heloísa Nunes,Nome
Srta. Letícia Costela,Nome
Maria Alice Araújo,Nome
Maria Sophia Araújo,Nome
Pedro Pereira,Nome
Lucas Gabriel da Mata,Nome
Francisco Nascimento,Nome
Sr. Lorenzo Martins,Nome
Dr. Guilherme Peixoto,Nome
Bruno Ribeiro,Nome
Vinicius Viana,Nome
João Felipe das Neves,Nome
Ana Clara Barbosa,Nome
Felipe da Paz,Nome
Pedro Henrique da Costa,Nome
Cauê Ribeiro,Nome
Ana Sophia da Rosa,Nome
Pietra Fernandes,Nome
Sr. Otávio Correia,Nome
Henrique Cavalcanti,Nome
Alice Lima,Nome
Nicole Nascimento,Nome
Raquel da Paz,Nome
Nicolas Farias,Nome
Samuel Jesus,Nome
Maria Vitória Costa,Nome
Valentina Barbosa,Nome
Dr. Rafael Moura,Nome
Luiz Fernando Mendes,Nome
Kaique Rodrigues,Nome
Leandro Moreira,Nome
Laís da Costa,Nome
Camila Silveira,Nome
Emanuelly Teixeira,Nome
Letícia Pinto,Nome
Dra. Emanuelly Martins,Nome
Bryan Freitas,Nome
Elisa Rezende,Nome
Mariana Nascimento,Nome
Sr. Luiz Felipe Martins,Nome
Luigi da Rosa,Nome
Dr. Joaquim Freitas,Nome
Pietra Freitas,Nome
Alana Silveira,Nome
Bruno Duarte,Nome
Sra. Luiza Duarte,Nome
Sra. Melissa Rodrigues,Nome
Vitória Aragão,Nome
Gustavo das Neves,Nome
Olivia Farias,Nome
Rafael Moura,Nome
Maria Clara Souza,Nome
Dr. Vinicius Vieira,Nome
Dr. Samuel Ramos,Nome
Henrique Fernandes,Nome
Cauã da Mota,Nome
Sr. Vinicius Teixeira,Nome
Srta. Caroline da Rosa,Nome
Sra. Emilly Souza,Nome
Esther Castro,Nome
Gustavo Dias,Nome
Sr. Heitor Alves,Nome
Dra. Ana Freitas,Nome
Benjamin Vieira,Nome
Samuel Costela,Nome
Sophia Rodrigues,Nome
André Gomes,Nome
Luana Pires,Nome
Sr. Benjamin Fernandes,Nome
Ana Sophia Campos,Nome
Luiza Cardoso,Nome
Marina Barros,Nome
Davi Lucas Jesus,Nome
Felipe Costa,Nome
Sophie Peixoto,Nome
Maria Vitória das Neves,Nome
Isis Porto,Nome
Fernanda Pereira,Nome
Miguel Caldeira,Nome
Sarah Castro,Nome
Pedro Lucas da Rosa,Nome
Rafael Cardoso,Nome
Erick da Luz,Nome
Ana Julia da Cruz,Nome
Juan Porto,Nome
Dra. Lorena Gonçalves,Nome
Enzo Gomes,Nome
Sra. Pietra Ramos,Nome
Rodrigo Dias,Nome
Yuri da Paz,Nome
Ana Sophia Viana,Nome
Pedro da Costa,Nome
Danilo Cardoso,Nome
Davi Luiz Lima,Nome
Sofia Gomes,Nome
Ana Vitória Rezende,Nome
Sra. Pietra Nunes,Nome
Luiz Fernando Viana,Nome
Laura Cardoso,Nome
Amanda Pinto,Nome
Sra. Maria Fernandes,Nome
Bryan Dias,Nome
Maria Julia Aragão,Nome
Emanuelly Barbosa,Nome
Lucas Silveira,Nome
Laura Freitas,Nome
Nathan Pinto,Nome
Luiza Carvalho,Nome
Isabel Oliveira,Nome
Dr. Raul Cavalcanti,Nome
Isaac Oliveira,Nome
Sra. Esther Nunes,Nome
Alícia Ramos,Nome
Ian Fernandes,Nome
Sr. Vitor Nunes,Nome
Agatha Viana,Nome
Júlia Barros,Nome
Luiz Henrique Moreira,Nome
Sophia Sales,Nome
Laura Barros,Nome
Gabriel Vieira,Nome
Gustavo Henrique Pires,Nome
Sra. Ana Vitória Araújo,Nome
Maria Duarte,Nome
Srta. Gabriela Vieira,Nome
Marcos Vinicius Oliveira,Nome
Enzo Gabriel Correia,Nome
Ana Vitória da Costa,Nome
Raquel Gonçalves,Nome
Rafaela Fogaça,Nome
Luana Ribeiro,Nome
Lorenzo Vieira,Nome
João Pedro da Mota,Nome
Maitê Cunha,Nome
Guilherme Peixoto,Nome
Dr. Alexandre Gomes,Nome
Sra. Maria Sophia Rodrigues,Nome
Levi Teixeira,Nome
Isabel Melo,Nome
Sophie Viana,Nome
Laís Martins,Nome
Samuel Duarte,Nome
Joana Dias,Nome
Amanda Lopes,Nome
Sra. Rafaela Nascimento,Nome
Mirella da Costa,Nome
Alícia Costela,Nome
Maria Sophia Melo,Nome
Leonardo Castro,Nome
Laís Alves,Nome
Srta. Júlia da Costa,Nome
Lucas Ferreira,Nome
Dr. Pietro Cardoso,Nome
Dr. Ian Rodrigues,Nome
Alícia Campos,Nome
Pedro Lucas Gomes,Nome
Vinicius Carvalho,Nome
Ana Luiza Castro,Nome
Bárbara Jesus,Nome
Augusto Martins,Nome
Gustavo Moraes,Nome
Dr. Danilo Farias,Nome
Júlia da Mata,Nome
Davi Cardoso,Nome
Isis Duarte,Nome
Maria Luiza da Conceição,Nome
Lucas Gabriel Fernandes,Nome
Eloah Alves,Nome
Esther Viana,Nome
Breno Pires,Nome
Dr. Pedro Miguel Pereira,Nome
Sra. Laís Jesus,Nome
João Pedro Rocha,Nome
Erick Nascimento,Nome
Isabella Gonçalves,Nome
Sra. Alexia Novaes,Nome
André Barros,Nome
Sofia Sales,Nome
Yago Dias,Nome
Yasmin Moraes,Nome
Pedro Miguel da Mota,Nome
Eloah Cunha,Nome
Ana Luiza Barbosa,Nome
Yuri Pires,Nome
Nathan Moreira,Nome
Srta. Ana Laura Gonçalves,Nome
Dr. Davi da Paz,Nome
Yuri Viana,Nome
Dr. Davi Luiz Fernandes,Nome
Evelyn Mendes,Nome
Lucas Gabriel Cardoso,Nome
Vitor Gabriel das Neves,Nome
Rebeca Novaes,Nome
Isabelly Carvalho,Nome
Alana Ferreira,Nome
Ana Vitória Ramos,Nome
Dr. Nathan Nascimento,Nome
Isadora Cavalcanti,Nome
Daniela Ribeiro,Nome
Pedro Henrique Martins,Nome
Clarice Campos,Nome
Letícia Jesus,Nome
Júlia Correia,Nome
Augusto Azevedo,Nome
Luiz Felipe Correia,Nome
Erick Teixeira,Nome
João Pedro Ramos,Nome
Dr. Nicolas da Costa,Nome
Milena Castro,Nome
Mariana Oliveira,Nome
Arthur Moura,Nome
Leonardo Pires,Nome
João Guilherme Castro,Nome
Isadora Viana,Nome
Isabella Caldeira,Nome
Emilly da Mota,Nome
Lorenzo Carvalho,Nome
Clara Aragão,Nome
Yuri Melo,Nome
Cauê da Rocha,Nome
Vitor Hugo Vieira,Nome
Nicolas da Rosa,Nome
Isaac da Conceição,Nome
Agatha Freitas,Nome
Cauê Viana,Nome
Davi Correia,Nome
Alice Costela,Nome
João Gabriel Duarte,Nome
Giovanna Aragão,Nome
Francisco Barros,Nome
Vicente Peixoto,Nome
Ana Sophia Campos,Nome
Lavínia Moreira,Nome
Maria Sophia Cavalcanti,Nome
Lívia das Neves,Nome
Amanda Silveira,Nome
Lorenzo Araújo,Nome
Lucca Nunes,Nome
Nina Cavalcanti,Nome
Raquel Pires,Nome
Bruno Martins,Nome
Bianca Campos,Nome
Guilherme Vieira,Nome
Sra. Isis Souza,Nome
Lorenzo Santos,Nome
Larissa Castro,Nome
Srta. Milena Vieira,Nome
Srta. Larissa Porto,Nome
Juan Mendes,Nome
Juliana Peixoto,Nome
Srta. Gabrielly Pereira,Nome
Dr. João Lucas da Costa,Nome
Lorena Campos,Nome
Bruno Carvalho,Nome
Ana Luiza Moura,Nome
Matheus Caldeira,Nome
Maria Eduarda Melo,Nome
Ana Vitória Oliveira,Nome
Dr. Thiago Barros,Nome
Noah Lima,Nome
Sr. Murilo Santos,Nome
Davi Lucas Rocha,Nome
Calebe Monteiro,Nome
Isadora Correia,Nome
Murilo das Neves,Nome
Maria Eduarda Araújo,Nome
Mirella Fogaça,Nome
Diego Fogaça,Nome
Sra. Heloísa Monteiro,Nome
Diego da Conceição,Nome
Mirella Nunes,Nome
Danilo Araújo,Nome
Vinicius Souza,Nome
João Miguel Peixoto,Nome
Heloísa da Cruz,Nome
Dr. Thiago Martins,Nome
Maria Vitória Cardoso,Nome
Davi Lucas da Cruz,Nome
Ana Beatriz Cardoso,Nome
Leonardo Pereira,Nome
Maria Pires,Nome
Emanuelly da Rosa,Nome
Ana Sophia Monteiro,Nome
Victor,Nome
Gabriel,Nome
Vinicius,Nome
Ana,Nome
Maria,Nome
MARCOS,Nome
FRANCISCO,Nome
gabriela,Nome
Vini,Nome
Lucas,Nome
Pedro,Nome
Matheus,Nome
Guilherme,Nome
Gustavo,Nome
Felipe,Nome
Rafael,Nome
Daniel,Nome
Bruno,Nome
Eduardo,Nome
fernanda,Nome
Juliana,Nome
Camila,Nome
Beatriz,Nome
Jessica,Nome
Amanda,Nome
Letícia,Nome
Carolina,Nome
Patrícia,Nome
bruna,Nome
RODRIGO,Nome
LEONARDO,Nome
THIAGO,Nome
RENATO,Nome
MURILO,Nome
CAIO,Nome
OTAVIO,Nome
HENRIQUE,Nome
FELIPE,Nome
RICARDO,Nome
isabela,Nome
Manuela,Nome
Giovanna,Nome
Sophia,Nome
Laura,Nome
Valentina,Nome
Helena,Nome
Alice,Nome
Luiza,Nome
emilly,Nome
ALEXANDRE,Nome
ANDERSON,Nome
JULIO,Nome
CESAR,Nome
AUGUSTO,Nome
SAMUEL,Nome
JOÃO,Nome
PAULO,Nome
MARCELO,Nome
FABIO,Nome
natalia,Nome
Mariana,Nome
Raquel,Nome
Silvia,Nome
Débora,Nome
Stefani,Nome
Bianca,Nome
Sabrina,Nome
Renata,Nome
carla,Nome
EDUARDO,Nome
VINICIUS,Nome
DIEGO,Nome
ROGERIO,Nome
CLAUDIO,Nome
ROBERTO,Nome
ANDRE,Nome
LEANDRO,Nome
MAURICIO,Nome
SERGIO,Nome
luana,Nome
Yasmin,Nome
Brenda,Nome
Vitória,Nome
Evelyn,Nome
Larissa,Nome
Gabrielly,Nome
Fernanda,Nome
Juliana,Nome
claudia,Nome
FERNANDO,Nome
RICARDO,Nome
GUSTAVO,Nome
EDUARDO,Nome
MARCELO,Nome
LEONARDO,Nome
RAFAEL,Nome
THIAGO,Nome
RODRIGO,Nome
BRUNO,Nome
24,Idade
13,Idade
45,Idade
41,Idade
38,Idade
27,Idade
23,Idade
79,Idade
21,Idade
85,Idade
64,Idade
14,Idade
13,Idade
21,Idade
37,Idade
39,Idade
74,Idade
87,Idade
13,Idade
81,Idade
35,Idade
79,Idade
63,Idade
38,Idade
67,Idade
85,Idade
45,Idade
10,Idade
30,Idade
64,Idade
53,Idade
45,Idade
29,Idade
37,Idade
53,Idade
23,Idade
21,Idade
58,Idade
22,Idade
55,Idade
54,Idade
87,Idade
43,Idade
15,Idade
68,Idade
78,Idade
25,Idade
58,Idade
20,Idade
80,Idade
47,Idade
90,Idade
89,Idade
56,Idade
83,Idade
34,Idade
18,Idade
15,Idade
39,Idade
47,Idade
20,Idade
39,Idade
22,Idade
58,Idade
45,Idade
68,Idade
56,Idade
30,Idade
57,Idade
55,Idade
36,Idade
44,Idade
19,Idade
87,Idade
31,Idade
78,Idade
41,Idade
30,Idade
69,Idade
58,Idade
44,Idade
81,Idade
38,Idade
51,Idade
17,Idade
39,Idade
14,Idade
50,Idade
61,Idade
44,Idade
18,Idade
37,Idade
82,Idade
50,Idade
37,Idade
73,Idade
60,Idade
68,Idade
28,Idade
43,Idade
27,Idade
41,Idade
81,Idade
78,Idade
43,Idade
84,Idade
64,Idade
84,Idade
61,Idade
56,Idade
38,Idade
27,Idade
75,Idade
73,Idade
21,Idade
16,Idade
24,Idade
29,Idade
90,Idade
30,Idade
64,Idade
86,Idade
18,Idade
59,Idade
58,Idade
86,Idade
69,Idade
77,Idade
42,Idade
80,Idade
11,Idade
24,Idade
78,Idade
44,Idade
53,Idade
24,Idade
47,Idade
65,Idade
30,Idade
68,Idade
10,Idade
43,Idade
74,Idade
32,Idade
74,Idade
23,Idade
90,Idade
48,Idade
74,Idade
87,Idade
35,Idade
29,Idade
57,Idade
30,Idade
79,Idade
77,Idade
10,Idade
86,Idade
51,Idade
72,Idade
12,Idade
24,Idade
56,Idade
49,Idade
40,Idade
17,Idade
40,Idade
82,Idade
20,Idade
20,Idade
72,Idade
18,Idade
78,Idade
26,Idade
26,Idade
70,Idade
80,Idade
31,Idade
43,Idade
77,Idade
87,Idade
64,Idade
37,Idade
79,Idade
35,Idade
49,Idade
61,Idade
57,Idade
66,Idade
76,Idade
67,Idade
25,Idade
41,Idade
38,Idade
18,Idade
53,Idade
12,Idade
85,Idade
80,Idade
39,Idade
85,Idade
38,Idade
10,Idade
19,Idade
90,Idade
17,Idade
39,Idade
18,Idade
14,Idade
52,Idade
19,Idade
75,Idade
40,Idade
45,Idade
72,Idade
37,Idade
79,Idade
26,Idade
83,Idade
83,Idade
70,Idade
41,Idade
70,Idade
62,Idade
34,Idade
22,Idade
22,Idade
65,Idade
55,Idade
64,Idade
62,Idade
69,Idade
16,Idade
22,Idade
17,Idade
61,Idade
53,Idade
23,Idade
41,Idade
34,Idade
34,Idade
78,Idade
67,Idade
27,Idade
64,Idade
33,Idade
45,Idade
69,Idade
41,Idade
19,Idade
66,Idade
80,Idade
22,Idade
16,Idade
79,Idade
11,Idade
21,Idade
40,Idade
31,Idade
62,Idade
72,Idade
71,Idade
37,Idade
61,Idade
17,Idade
31,Idade
58,Idade
10,Idade
59,Idade
43,Idade
68,Idade
46,Idade
64,Idade
81,Idade
72,Idade
29,Idade
34,Idade
47,Idade
37,Idade
17,Idade
84,Idade
79,Idade
17,Idade
50,Idade
17,Idade
16,Idade
84,Idade
71,Idade
74,Idade
77,Idade
30,Idade
17,Idade
75,Idade
20,Idade
33,Idade
18,Idade
86,Idade
18,Idade
40,Idade
61,Idade
25,Idade
82,Idade
41,Idade
84,Idade
86,Idade
15,Idade
89,Idade
20,Idade
63,Idade
84,Idade
82,Idade
76,Idade
50,Idade
43,Idade
36,Idade
50,Idade
40,Idade
43,Idade
60,Idade
26,Idade
48,Idade
68,Idade
50,Idade
19,Idade
11,Idade
68,Idade
89,Idade
82,Idade
22,Idade
19,Idade
78,Idade
37,Idade
74,Idade
43,Idade
26,Idade
54,Idade
18,Idade
41,Idade
57,Idade
46,Idade
30,Idade
66,Idade
79,Idade
48,Idade
88,Idade
77,Idade
11,Idade
80,Idade
48,Idade
23,Idade
27,Idade
43,Idade
24,Idade
23,Idade
80,Idade
29,Idade
44,Idade
46,Idade
87,Idade
36,Idade
53,Idade
36,Idade
43,Idade
74,Idade
72,Idade
42,Idade
16,Idade
21,Idade
64,Idade
45,Idade
15,Idade
10,Idade
52,Idade
26,Idade
43,Idade
30,Idade
66,Idade
80,Idade
64,Idade
81,Idade
11,Idade
24,Idade
19,Idade
29,Idade
79,Idade
14,Idade
57,Idade
84,Idade
80,Idade
28,Idade
65,Idade
26,Idade
15,Idade
49,Idade
56,Idade
15,Idade
55,Idade
36,Idade
41,Idade
23,Idade
55,Idade
81,Idade
62,Idade
89,Idade
29,Idade
40,Idade
30,Idade
32,Idade
62,Idade
13,Idade
32,Idade
52,Idade
62,Idade
41,Idade
44,Idade
30,Idade
23,Idade
58,Idade
14,Idade
70,Idade
38,Idade
35,Idade
68,Idade
54,Idade
49,Idade
39,Idade
38,Idade
13,Idade
34,Idade
61,Idade
52,Idade
45,Idade
18,Idade
45,Idade
54,Idade
75,Idade
61,Idade
78,Idade
52,Idade
13,Idade
24,Idade
43,Idade
32,Idade
84,Idade
43,Idade
14,Idade
23,Idade
86,Idade
65,Idade
54,Idade
50,Idade
65,Idade
87,Idade
75,Idade
24,Idade
59,Idade
83,Idade
34,Idade
42,Idade
15,Idade
65,Idade
10,Idade
76,Idade
78,Idade
35,Idade
56,Idade
65,Idade
18,Idade
52,Idade
89,Idade
50,Idade
25,Idade
48,Idade
74,Idade
49,Idade
62,Idade
51,Idade
61,Idade
47,Idade
80,Idade
26,Idade
34,Idade
63,Idade
58,Idade
32,Idade
88,Idade
82,Idade
48,Idade
61,Idade
80,Idade
10,Idade
48,Idade
46,Idade
36,Idade
65,Idade
84,Idade
87,Idade
51,Idade
69,Idade
66,Idade
+55 14 9 9784-0369,Telefone
+55 03 94324 4510,Telefone
+55 (062) 92683-8851,Telefone
+55 06 9 0715-9696,Telefone
+55 41 9 6052-9751,Telefone
+55 13 9 6968-1645,Telefone
+55 (52) 91818 8355,Telefone
+55 (031) 92432 9212,Telefone
+55 (079) 99799-5527,Telefone
+55 77 9 4490 5814,Telefone
+55 (070) 90541-1998,Telefone
+55 79 9 8079-3597,Telefone
+55 (20) 97151-8203,Telefone
+55 (078) 98925-5466,Telefone
+55 90 95151-8644,Telefone
+55 (25) 9 1925-4629,Telefone
+55 48 9 6528 1685,Telefone
+55 54 92357 3322,Telefone
+55 41 9 8880 5929,Telefone
+55 22 9 2927-0653,Telefone
+55 (094) 97383-4735,Telefone
+55 (77) 9 4688-6239,Telefone
+55 (040) 97581 8141,Telefone
+55 (047) 98261 3750,Telefone
+55 06 9 8536-1530,Telefone
+55 15 92204-7277,Telefone
+55 (01) 9 0432-8986,Telefone
+55 43 9 4103 6971,Telefone
+55 79 9 8089 3246,Telefone
+55 95 93962 1851,Telefone
+55 (88) 98806-7065,Telefone
+55 (05) 9 1531 9520,Telefone
+55 85 92772-2170,Telefone
+55 (30) 9 3054 8687,Telefone
+55 (03) 9 4505 4156,Telefone
+55 76 9 5277-5841,Telefone
+55 16 9 9284-5115,Telefone
+55 (47) 9 9627 5705,Telefone
+55 (64) 9 0165-8202,Telefone
+55 (70) 9 2135-5690,Telefone
+55 (27) 9 5571-9285,Telefone
+55 54 9 3102-7868,Telefone
+55 44 9 7394 7312,Telefone
+55 72 9 7155 1884,Telefone
+55 (22) 9 5831 3237,Telefone
+55 58 99578 2911,Telefone
+55 (67) 9 8669 1251,Telefone
+55 (078) 95289-2268,Telefone
+55 18 92422 5358,Telefone
+55 (14) 9 3842 4981,Telefone
+55 (29) 99229-9590,Telefone
+55 10 99439 6907,Telefone
+55 (44) 97364-7102,Telefone
+55 (067) 97359-2555,Telefone
+55 25 9 8815-3714,Telefone
+55 (032) 91046-9632,Telefone
+55 95 93278-7747,Telefone
+55 16 98733 9500,Telefone
+55 (79) 9 7480 1624,Telefone
+55 65 90609-8358,Telefone
+55 (16) 9 8784 9912,Telefone
+55 65 9 5852 3986,Telefone
+55 (00) 90257-8729,Telefone
+55 (25) 99526-9495,Telefone
+55 (88) 97947-0551,Telefone
+55 94 9 0974-9930,Telefone
+55 (72) 9 8962-3091,Telefone
+55 (07) 95626 3689,Telefone
+55 (002) 98385-7865,Telefone
+55 (078) 95854 9733,Telefone
+55 (84) 9 3443 7575,Telefone
+55 (44) 91986-6524,Telefone
+55 41 95747 3384,Telefone
+55 (42) 91993-3083,Telefone
+55 (01) 96571 2082,Telefone
+55 77 9 3454-0193,Telefone
+55 (02) 96206-7240,Telefone
+55 49 99154 7887,Telefone
+55 (087) 94315 2742,Telefone
+55 54 99329 6685,Telefone
+55 61 9 2275 3046,Telefone
+55 (74) 95499 0453,Telefone
+55 17 94268 4145,Telefone
+55 (33) 9 2727-9568,Telefone
+55 (083) 93918-7851,Telefone
+55 (10) 9 8839-8225,Telefone
+55 (71) 93971-8707,Telefone
+55 (086) 97908 7406,Telefone
+55 (03) 9 9106 5180,Telefone
+55 70 9 4622 6567,Telefone
+55 61 9 8251-2868,Telefone
+55 (030) 90478 6863,Telefone
+55 (75) 92431 0690,Telefone
+55 (31) 91907 9030,Telefone
+55 73 9 8302-8439,Telefone
+55 99 95342-8364,Telefone
+55 (08) 9 9268 7056,Telefone
+55 (56) 96246-2873,Telefone
+55 (42) 97086 6882,Telefone
+55 34 9 3517-5183,Telefone
+55 46 99901 3983,Telefone
+55 (035) 94033-1739,Telefone
+55 (63) 98546 7854,Telefone
+55 (58) 9 7717 5355,Telefone
+55 09 9 3204-8996,Telefone
+55 (23) 9 5369 3785,Telefone
+55 (77) 9 7252 2872,Telefone
+55 (08) 90100-6231,Telefone
+55 (003) 98750 9977,Telefone
+55 08 98600 8484,Telefone
+55 86 92118 2339,Telefone
+55 (45) 94615-6793,Telefone
+55 (41) 90166 6870,Telefone
+55 21 97659 1803,Telefone
+55 (97) 94014 8902,Telefone
+55 03 99261-4293,Telefone
+55 (68) 9 5621-8501,Telefone
+55 31 9 5999-6504,Telefone
+55 (073) 95866-2961,Telefone
+55 (43) 9 1142-6265,Telefone
+55 11 90475-4121,Telefone
+55 (067) 98886 1015,Telefone
+55 (19) 99560-4661,Telefone
+55 (39) 98262-2444,Telefone
+55 (021) 92646-4715,Telefone
+55 (37) 9 9937 1240,Telefone
+55 59 9 6575-6924,Telefone
+55 93 97526-5479,Telefone
+55 (56) 94651 9398,Telefone
+55 (080) 97374 1672,Telefone
+55 (34) 9 2661 7979,Telefone
+55 88 9 6805-8911,Telefone
+55 (52) 99096 5610,Telefone
+55 43 9 8889 9375,Telefone
+55 79 9 8250-7146,Telefone
+55 12 9 5457 3875,Telefone
+55 (017) 97514-0105,Telefone
+55 23 9 8282 5867,Telefone
+55 (62) 92660 9379,Telefone
+55 60 9 3341-9182,Telefone
+55 53 97147-8596,Telefone
+55 (69) 9 1557-9249,Telefone
+55 (12) 9 5134-1252,Telefone
+55 (66) 99296-6278,Telefone
+55 (082) 97422 5790,Telefone
+55 07 92368-8767,Telefone
+55 77 9 2190-3404,Telefone
+55 (84) 92797 8819,Telefone
+55 48 9 5807 8361,Telefone
+55 (40) 97451 7133,Telefone
+55 (59) 9 6292-3309,Telefone
+55 84 99825-4494,Telefone
+55 (12) 96042-2325,Telefone
+55 (67) 92946 6711,Telefone
+55 84 9 5775-9017,Telefone
+55 18 96363-7454,Telefone
+55 89 92975-0017,Telefone
+55 12 97706 3242,Telefone
+55 (15) 9 4152 0643,Telefone
+55 11 9 0371-2938,Telefone
+55 (000) 95162-7136,Telefone
+55 11 9 5542 6221,Telefone
+55 (90) 99275-3269,Telefone
+55 (031) 91219-6565,Telefone
+55 (034) 91389 9940,Telefone
+55 (38) 9 9836 4037,Telefone
+55 13 9 7918-0552,Telefone
+55 96 9 5827-1091,Telefone
+55 43 90068 4866,Telefone
+55 18 9 8924-1418,Telefone
+55 (28) 95691 4630,Telefone
+55 (16) 91799 0421,Telefone
+55 20 92758 8425,Telefone
+55 (041) 90564 8149,Telefone
+55 77 9 8507 9252,Telefone
+55 (19) 9 1380 0030,Telefone
+55 (056) 92208-6353,Telefone
+55 54 9 1951-8023,Telefone
+55 (06) 91744-5187,Telefone
+55 53 94949 3759,Telefone
+55 (038) 93206-0385,Telefone
+55 50 96413 8367,Telefone
+55 24 91038 6571,Telefone
+55 (18) 9 2619-9062,Telefone
+55 (44) 95655 7431,Telefone
+55 (29) 91212 7756,Telefone
+55 85 9 3747 4112,Telefone
+55 (90) 9 3521 3568,Telefone
+55 44 92067 8831,Telefone
+55 (012) 91003-2365,Telefone
+55 99 9 4101 3721,Telefone
+55 10 97029-6670,Telefone
+55 62 9 5324-4720,Telefone
+55 (99) 9 3476-8701,Telefone
+55 (62) 9 6383 8065,Telefone
+55 (087) 95985-6420,Telefone
+55 93 90407-8593,Telefone
+55 (013) 93480 3965,Telefone
+55 (023) 99559 0599,Telefone
+55 (093) 97842 7010,Telefone
+55 (93) 90870 5932,Telefone
+55 25 90029-2185,Telefone
+55 56 9 9154 5226,Telefone
+55 (052) 98953-9264,Telefone
+55 (22) 9 0969 0295,Telefone
+55 (39) 9 1725-1355,Telefone
+55 (015) 97043 3154,Telefone
+55 00 9 6762 6765,Telefone
+55 (61) 97932-7104,Telefone
+55 54 91152 6218,Telefone
+55 59 9 9706 2962,Telefone
+55 15 93368 8444,Telefone
+55 (10) 96987 2050,Telefone
+55 14 9 9731-0324,Telefone
+55 71 9 4677 4186,Telefone
+55 (056) 95270 4774,Telefone
+55 (49) 90211 5869,Telefone
+55 (80) 96868 7937,Telefone
+55 (16) 9 0898 9921,Telefone
+55 (022) 93320-6163,Telefone
+55 (094) 95116 8685,Telefone
+55 (87) 9 0998 6162,Telefone
+55 (099) 99119 1485,Telefone
+55 46 9 7997-0246,Telefone
+55 (099) 96065 3074,Telefone
+55 05 94447-1324,Telefone
+55 (054) 96913-7367,Telefone
+55 (50) 98214-8628,Telefone
+55 (02) 9 3303-0705,Telefone
+55 (45) 97861 0357,Telefone
+55 (72) 9 7985-5241,Telefone
+55 (06) 9 0293 3334,Telefone
+55 80 9 0722-9034,Telefone
+55 (44) 9 6657-4374,Telefone
+55 (96) 99108-5899,Telefone
+55 (41) 9 7154 5444,Telefone
+55 (28) 93096 5207,Telefone
+55 (46) 9 6609 9353,Telefone
+55 (75) 98428-2417,Telefone
+55 (048) 92513 5346,Telefone
+55 54 99471-7099,Telefone
+55 (17) 9 3816-8460,Telefone
+55 (023) 95697 2521,Telefone
+55 (052) 95007-4329,Telefone
+55 (071) 92966 6676,Telefone
+55 08 93505 8300,Telefone
+55 (35) 94216 8942,Telefone
+55 04 9 4789 8562,Telefone
+55 75 93260-3323,Telefone
+55 98 92150 6489,Telefone
+55 90 91001 6761,Telefone
+55 (47) 92304-6184,Telefone
+55 (92) 9 6189-1411,Telefone
+55 (039) 93483-5642,Telefone
+55 87 93753 0011,Telefone
+55 (72) 9 1811-4374,Telefone
+55 (70) 9 1204 5561,Telefone
+55 00 9 2255 7941,Telefone
+55 52 91667-4676,Telefone
+55 (012) 90216 9797,Telefone
+55 (096) 95902 7716,Telefone
+55 (001) 94508-9935,Telefone
+55 (89) 91637-5628,Telefone
+55 (00) 9 2877-2175,Telefone
+55 (54) 90838 6631,Telefone
+55 (079) 97177-5170,Telefone
+55 66 9 0880 1994,Telefone
+55 (83) 97550-3758,Telefone
+55 (97) 9 5711-3055,Telefone
+55 (88) 9 5102 7261,Telefone
+55 (93) 9 3163 7351,Telefone
+55 09 9 1779-8270,Telefone
+55 (08) 96978-2922,Telefone
+55 69 9 9586 6934,Telefone
+55 54 9 7226-9848,Telefone
+55 83 93394-5228,Telefone
+55 (51) 95879-9684,Telefone
+55 08 9 1062-0034,Telefone
+55 (044) 92043 8057,Telefone
+55 98 9 3863 8406,Telefone
+55 65 9 8004-3973,Telefone
+55 98 99334-7212,Telefone
+55 (081) 96064 8422,Telefone
+55 (40) 9 5720-2590,Telefone
+55 (47) 9 9851-5832,Telefone
+55 (18) 92688-6153,Telefone
+55 (55) 95439 8780,Telefone
+55 57 9 3993 0561,Telefone
+55 48 9 4085-8877,Telefone
+55 43 95811 2880,Telefone
+55 33 9 6138 6120,Telefone
+55 (050) 91102-4819,Telefone
+55 (46) 96766 5061,Telefone
+55 (09) 91901-5814,Telefone
+55 (91) 9 4766 0728,Telefone
+55 (26) 98424 5088,Telefone
+55 (010) 90996 8814,Telefone
+55 (53) 96822 2394,Telefone
+55 (12) 99087 8141,Telefone
+55 (13) 9 9755 2314,Telefone
+55 (13) 9 5775-9492,Telefone
+55 (95) 9 5620-5336,Telefone
+55 (52) 9 5777 5478,Telefone
+55 29 9 1428 3411,Telefone
+55 80 99969 3084,Telefone
+55 (87) 92563-9427,Telefone
+55 (81) 96580-3928,Telefone
+55 (072) 92992 7503,Telefone
+55 (031) 94530-3856,Telefone
+55 (070) 90518-4498,Telefone
+55 (26) 9 6591-8463,Telefone
+55 (65) 95779-0827,Telefone
+55 (031) 98432 2259,Telefone
+55 36 9 5177 7392,Telefone
+55 03 9 0299-2280,Telefone
+55 (20) 9 2428-6990,Telefone
+55 (13) 9 7977 2369,Telefone
+55 (092) 99842 5799,Telefone
+55 36 9 6210 3886,Telefone
+55 (091) 92799 0881,Telefone
+55 72 9 9806 8650,Telefone
+55 (63) 97659-9162,Telefone
+55 (73) 9 1498 6430,Telefone
+55 98 91806 3565,Telefone
+55 26 9 9448 6959,Telefone
+55 (63) 9 6887 2588,Telefone
+55 (044) 99562-1372,Telefone
+55 38 9 6589 0260,Telefone
+55 27 9 9611 4351,Telefone
+55 (06) 9 6984-9027,Telefone
+55 (003) 98430-9883,Telefone
+55 (20) 9 5302-1465,Telefone
+55 69 9 3801-1848,Telefone
+55 (55) 9 4393-7690,Telefone
+55 (26) 9 8181 8451,Telefone
+55 (48) 99476-9735,Telefone
+55 (079) 90714-1633,Telefone
+55 65 98804-3416,Telefone
+55 18 92755-3942,Telefone
+55 (73) 93343 3339,Telefone
+55 21 91179-0807,Telefone
+55 95 97947-2846,Telefone
+55 (92) 90867 8085,Telefone
+55 27 9 1875-0036,Telefone
+55 (15) 9 5942-8434,Telefone
+55 (095) 95276-3655,Telefone
+55 47 9 2929-3143,Telefone
+55 (66) 93227-0267,Telefone
+55 (088) 95744 8906,Telefone
+55 20 9 3471 7545,Telefone
+55 88 94506-1593,Telefone
+55 (98) 9 2455-8771,Telefone
+55 94 9 7225-6996,Telefone
+55 12 9 5355 4496,Telefone
+55 (75) 9 9876 2202,Telefone
+55 (41) 93261 1178,Telefone
+55 06 98114 9216,Telefone
+55 (33) 9 4722 8200,Telefone
+55 57 97848-7282,Telefone
+55 (97) 9 9688-4578,Telefone
+55 (17) 94564 2400,Telefone
+55 (25) 94780-7740,Telefone
+55 49 9 3085-3686,Telefone
+55 32 9 6634-1638,Telefone
+55 (44) 9 8463-1224,Telefone
+55 79 9 7497 3502,Telefone
+55 80 92144 2703,Telefone
+55 20 9 7356 4757,Telefone
+55 51 92046 1872,Telefone
+55 (46) 90136 7303,Telefone
+55 (018) 93764-5208,Telefone
+55 (14) 97435-0313,Telefone
+55 50 9 2491-6300,Telefone
+55 (79) 9 2513-2719,Telefone
+55 00 95281-2735,Telefone
+55 (57) 93065-2407,Telefone
+55 (084) 98739-2855,Telefone
+55 (049) 98218-2744,Telefone
+55 (57) 90862-0959,Telefone
+55 (51) 98638 7829,Telefone
+55 (56) 9 5118 1022,Telefone
+55 31 97310 9678,Telefone
+55 (94) 9 0539-1037,Telefone
+55 70 9 5865 0948,Telefone
+55 14 91381 1386,Telefone
+55 (38) 93928 8619,Telefone
+55 76 91228-6852,Telefone
+55 (97) 95585-5665,Telefone
+55 (39) 9 8368-4577,Telefone
+55 00 9 4908-2404,Telefone
+55 (35) 90488 8992,Telefone
+55 07 9 5224 5933,Telefone
+55 (41) 9 9693 1572,Telefone
+55 (091) 99409-6105,Telefone
+55 66 91390-6048,Telefone
+55 58 99258 3206,Telefone
+55 (099) 98136-4622,Telefone
+55 17 99086-4168,Telefone
+55 22 9 7837-6938,Telefone
+55 (83) 9 3146-5911,Telefone
+55 65 9 5355-9042,Telefone
+55 97 99270-3352,Telefone
+55 10 9 3924 0514,Telefone
+55 (070) 95383-3884,Telefone
+55 (79) 92069-8042,Telefone
+55 43 99407 0164,Telefone
+55 10 94636-8157,Telefone
+55 (81) 9 2387-8003,Telefone
+55 (45) 97620-5554,Telefone
+55 (84) 90460 8432,Telefone
+55 62 91689-3639,Telefone
+55 (064) 99578 2329,Telefone
+55 (32) 94826-2925,Telefone
+55 88 9 1252 0566,Telefone
+55 (74) 9 2312 2099,Telefone
+55 (99) 9 9393 3051,Telefone
+55 (028) 99752-6772,Telefone
+55 (033) 90604 6333,Telefone
+55 27 9 9757 3660,Telefone
+55 (65) 9 6999-8808,Telefone
+55 77 9 0388 6086,Telefone
+55 (03) 94764-4726,Telefone
+55 (90) 9 8277 1812,Telefone
+55 (82) 9 6657-0279,Telefone
+55 (71) 94521 1175,Telefone
+55 86 9 8926 8602,Telefone
+55 92 92220-6447,Telefone
+55 (21) 9 2309 4077,Telefone
+55 (080) 99733-9776,Telefone
+55 (019) 99038-4983,Telefone
+55 22 90502 0994,Telefone
+55 10 91622-4999,Telefone
+55 (27) 99501-4556,Telefone
+55 68 9 1472 1458,Telefone
+55 83 9 3901-9817,Telefone
+55 (46) 9 9548-9952,Telefone
+55 (97) 9 8772-9343,Telefone
+55 10 97139 6605,Telefone
+55 83 90344-1448,Telefone
+55 (50) 91556-9902,Telefone
+55 (55) 97702 7278,Telefone
+55 76 90849-5880,Telefone
+55 (95) 95124 0568,Telefone
+55 (099) 96291 4504,Telefone
+55 17 9 3574-3842,Telefone
+55 50 9 3178 0782,Telefone
+55 (57) 98452 1823,Telefone
+55 76 98104 0915,Telefone
+55 (001) 98409-4353,Telefone
+55 (44) 98571 4224,Telefone
+55 09 9 8813 8585,Telefone
+55 (24) 9 9321 4958,Telefone
+55 (002) 90701-6016,Telefone
+55 29 9 9795-4538,Telefone
+55 79 9 2171 7477,Telefone
+55 (32) 99456 2557,Telefone
+55 (001) 97157-7245,Telefone
+55 (92) 9 8161-5814,Telefone
+55 (76) 99639-3827,Telefone
+55 15 9 3966-9583,Telefone
+55 (019) 97199 7581,Telefone
+55 (024) 96191-9657,Telefone
+55 13 92902 2784,Telefone
+55 99 9 7335-4946,Telefone
+55 19 90986-2405,Telefone
+55 (00) 98514-0369,Telefone
+55 56 9 6668-3272,Telefone
+55 (86) 95624 2201,Telefone
+55 27 96212 6796,Telefone
+55 (27) 9 8687-6532,Telefone
+55 90 9 9738-4689,Telefone
+55 00 99751-9712,Telefone
+55 (47) 98189-1371,Telefone
+55 (94) 99058-0778,Telefone
+55 (095) 96544-2094,Telefone
+55 (40) 9 7929-0490,Telefone
+55 (71) 9 2814 4294,Telefone
+55 (40) 9 1929 2752,Telefone
+55 (37) 9 2805 1292,Telefone
+55 (066) 93723-9504,Telefone
+55 02 9 7674 7836,Telefone
+55 74 9 2860-4765,Telefone
+55 (01) 98569-4544,Telefone
+55 49 9 6739 3852,Telefone
+55 80 90106-1817,Telefone
+55 34 94300-9109,Telefone
+55 (91) 91192 6921,Telefone
+55 (044) 97174 6542,Telefone
+55 40 9 6650 4427,Telefone
+55 73 9 9627 1286,Telefone
+55 (91) 97410 1194,Telefone
+55 (007) 92006-4256,Telefone
+55 (08) 9 7766-1830,Telefone
+55 71 9 9855-4601,Telefone
+55 85 91743-2806,Telefone
+55 (46) 91571 7320,Telefone
+55 (09) 93761 8478,Telefone
+55 (000) 95050-6138,Telefone
+55 (082) 99310-2707,Telefone
+55 (03) 9 2020-4179,Telefone
997446802,Telefone
14 9 9999-9999,Telefone
966374289,Telefone
11 921312345,Telefone
13 932123456,Telefone
11 912345678,Telefone
11 91234-5678,Telefone
11 912979868,Telefone
89 99999-9999,Telefone
996351234,Telefone
1599856789,Telefone
5597683456,Telefone
4589123456,Telefone
963833321,Telefone
1298765432,Telefone
21 98765-4321,Telefone
988776655,Telefone
31 998765432,Telefone
47 91234-5678,Telefone
81 945678901,Telefone
975432109,Telefone
62 987987654,Telefone
27 911223344,Telefone
951234567,Telefone
7399112233,Telefone
5398765432,Telefone
8695432109,Telefone
912348765,Telefone
18991234567,Telefone
14987654321,Telefone
11955551212,Telefone
16999998787,Telefone
19988882323,Telefone
17977773434,Telefone
13966664545,Telefone
15944445656,Telefone
21933336767,Telefone
22922227878,Telefone
24911118989,Telefone
27900009191,Telefone
28912340101,Telefone
31987651212,Telefone
32955552323,Telefone
33999993434,Telefone
34988884545,Telefone
35977775656,Telefone
37966666767,Telefone
38944447878,Telefone
+55 (18) 9 8181-2345,Telefone
991234567,Telefone
16 9 9191-3456,Telefone
987654321,Telefone
12 9 87654321,Telefone
17 9 76543210,Telefone
19 9 65432109,Telefone
11 9 54321098,Telefone
82 9 9988-7766,Telefone
954321098,Telefone
13943210987,Telefone
5591238765,Telefone
4198761234,Telefone
923456789,Telefone
14976543210,Telefone
21 9 6543-2109,Telefone
978901234,Telefone
31 9 56789012,Telefone
47 9 4567-8901,Telefone
83 9 34567890,Telefone
962345678,Telefone
67923456789,Telefone
27 9 1234-5678,Telefone
934567890,Telefone
15987650123,Telefone
55945671234,Telefone
43912348765,Telefone
945678901,Telefone
11923456789,Telefone
22 9 0123-4567,Telefone
901234567,Telefone
35978901234,Telefone
48 9 6789-0123,Telefone
84 9 56789012,Telefone
912345678,Telefone
68912345678,Telefone
28 9 9876-5432,Telefone
923456789,Telefone
16901234567,Telefone
55956782345,Telefone
44987653456,Telefone
934567890,Telefone
12934567890,Telefone
24 9 8765-4321,Telefone
987654321,Telefone
37901234567,Telefone
49 9 7654-3210,Telefone
85 9 65432109,Telefone
945678901,Telefone
cavalcantienzo@das.com,Email
zmendes@martins.com,Email
yasmin30@melo.org,Email
sda-cunha@vieira.com,Email
isadorabarbosa@hotmail.com,Email
bda-cruz@cardoso.com,Email
davigomes@ribeiro.com,Email
luizafogaca@oliveira.net,Email
da-matamelissa@carvalho.org,Email
jalmeida@hotmail.com,Email
souzadiogo@viana.net,Email
marcos-viniciusbarros@hotmail.com,Email
maria-luizaribeiro@da.com,Email
moreiramiguel@pinto.br,Email
barrosesther@da.com,Email
milenapires@peixoto.net,Email
stellacorreia@yahoo.com.br,Email
duartenina@da.br,Email
ribeiroisis@barros.br,Email
larissaramos@nogueira.br,Email
marcelo35@azevedo.com,Email
aramos@mendes.com,Email
davioliveira@da.br,Email
antonio63@hotmail.com,Email
ldas-neves@hotmail.com,Email
cbarbosa@santos.com,Email
zrocha@ig.com.br,Email
psales@alves.br,Email
theogoncalves@carvalho.org,Email
daraujo@cunha.br,Email
leticia70@nogueira.br,Email
ana-clara49@cardoso.com,Email
correiavitor@yahoo.com.br,Email
moreirathomas@hotmail.com,Email
guilhermemelo@viana.br,Email
pedromoraes@santos.br,Email
camposvinicius@yahoo.com.br,Email
hsantos@gmail.com,Email
ana-sophia95@ig.com.br,Email
anacarvalho@novaes.org,Email
da-cunhamarcos-vinicius@da.com,Email
goncalvesamanda@ribeiro.br,Email
joao-miguel10@silveira.br,Email
jsouza@uol.com.br,Email
isabel24@hotmail.com,Email
camilamoura@yahoo.com.br,Email
thalesgomes@da.com,Email
joao-felipeda-costa@hotmail.com,Email
barbosapedro-miguel@pires.com,Email
lopesryan@moura.com,Email
araujoalexia@uol.com.br,Email
jlopes@viana.br,Email
wgoncalves@bol.com.br,Email
smendes@rocha.com,Email
benjamin69@porto.br,Email
isissouza@freitas.com,Email
silvayuri@hotmail.com,Email
kamilly98@gmail.com,Email
tda-conceicao@uol.com.br,Email
amoura@yahoo.com.br,Email
paulo78@gmail.com,Email
zpeixoto@gomes.com,Email
lcunha@bol.com.br,Email
kaiquejesus@souza.br,Email
acarvalho@fogaca.br,Email
mcunha@nascimento.br,Email
isis47@das.com,Email
luiz-migueljesus@costa.org,Email
carolinefarias@gmail.com,Email
catarina19@rocha.br,Email
xcosta@bol.com.br,Email
igor90@lopes.com,Email
calebefogaca@yahoo.com.br,Email
caio44@bol.com.br,Email
sofiada-mata@da.br,Email
marcelo51@bol.com.br,Email
antoniocunha@bol.com.br,Email
stella76@yahoo.com.br,Email
da-rosahenrique@da.com,Email
hcardoso@hotmail.com,Email
tmonteiro@cunha.br,Email
marinajesus@gmail.com,Email
fernandoda-conceicao@lima.com,Email
ecorreia@rocha.com,Email
azevedoyasmin@ribeiro.org,Email
jesusmaria-cecilia@castro.net,Email
maria-claramonteiro@carvalho.org,Email
igor89@hotmail.com,Email
alvesemanuelly@da.com,Email
clariceribeiro@da.br,Email
thalesnascimento@da.net,Email
lopesfelipe@uol.com.br,Email
catarinamoreira@barbosa.com,Email
ycorreia@yahoo.com.br,Email
maria-luiza73@bol.com.br,Email
ana-clara31@uol.com.br,Email
antoniorodrigues@ig.com.br,Email
hpires@costa.br,Email
da-cunhacaue@yahoo.com.br,Email
joao96@dias.br,Email
rebeca65@uol.com.br,Email
rsilva@hotmail.com,Email
costaluiz-fernando@uol.com.br,Email
leticiacunha@gmail.com,Email
camposcecilia@da.br,Email
lais91@silveira.br,Email
maria-alice77@viana.br,Email
pintoerick@porto.br,Email
cramos@gmail.com,Email
mariane27@cunha.org,Email
kcorreia@ig.com.br,Email
jribeiro@hotmail.com,Email
fferreira@moraes.org,Email
araujojulia@gmail.com,Email
samuel90@nascimento.com,Email
theo65@gmail.com,Email
lucaslima@campos.com,Email
augustoteixeira@yahoo.com.br,Email
kpereira@fogaca.com,Email
lopesvitor-gabriel@bol.com.br,Email
isabella17@gmail.com,Email
cecilia85@jesus.net,Email
teixeirakevin@yahoo.com.br,Email
jesusisabella@uol.com.br,Email
castrojulia@fogaca.com,Email
wda-rocha@gmail.com,Email
ana-julia85@hotmail.com,Email
nfernandes@bol.com.br,Email
arthursilveira@hotmail.com,Email
maria-alicerezende@yahoo.com.br,Email
silveirajoao@yahoo.com.br,Email
luccada-costa@ig.com.br,Email
uoliveira@gmail.com,Email
sfogaca@fernandes.net,Email
joao-pedroaraujo@lima.br,Email
da-pazian@yahoo.com.br,Email
ferreiravitoria@vieira.com,Email
daragao@lopes.org,Email
qmoreira@novaes.com,Email
santoserick@sales.com,Email
lopesrafael@duarte.br,Email
enricoda-luz@freitas.org,Email
xteixeira@lopes.br,Email
matheusda-conceicao@yahoo.com.br,Email
paulo09@gmail.com,Email
luiz-fernandovieira@lima.br,Email
ana-luizanogueira@novaes.org,Email
noahda-rocha@pires.br,Email
davi-lucca77@melo.br,Email
mariaferreira@moraes.br,Email
barrosluna@ig.com.br,Email
acunha@da.org,Email
correiaian@hotmail.com,Email
clopes@cunha.org,Email
miguel31@moura.com,Email
bdas-neves@gmail.com,Email
rezendejoao-vitor@da.com,Email
jferreira@gmail.com,Email
isabelcosta@gmail.com,Email
hsales@hotmail.com,Email
stephanyfogaca@sales.br,Email
mda-rocha@gomes.com,Email
beniciogoncalves@yahoo.com.br,Email
xfarias@cardoso.com,Email
pedronovaes@ig.com.br,Email
vpereira@cardoso.com,Email
melolucas@moraes.com,Email
clarice96@novaes.br,Email
da-luzluiz-henrique@santos.br,Email
lopesmarina@da.org,Email
bryan27@moreira.br,Email
larissa48@yahoo.com.br,Email
pedro-lucasrodrigues@hotmail.com,Email
da-motaheitor@gmail.com,Email
brenoribeiro@da.br,Email
salesbruno@uol.com.br,Email
framos@gmail.com,Email
monteirodiego@gomes.org,Email
souzasofia@peixoto.br,Email
benjamin41@moura.com,Email
beniciocardoso@uol.com.br,Email
mfogaca@ig.com.br,Email
bryan97@costela.net,Email
pedro01@carvalho.br,Email
luccanunes@gmail.com,Email
igornogueira@gomes.com,Email
caroline64@moraes.net,Email
enogueira@yahoo.com.br,Email
pereiravicente@bol.com.br,Email
fpereira@silva.br,Email
catarinasouza@goncalves.br,Email
jjesus@jesus.br,Email
vieiradavi-lucas@gmail.com,Email
goliveira@fernandes.br,Email
santosarthur@gmail.com,Email
valentinada-mata@uol.com.br,Email
peixotomariane@lopes.br,Email
rodrigo23@hotmail.com,Email
maria-eduarda16@almeida.com,Email
manuelarocha@nunes.br,Email
maria-sophia64@gmail.com,Email
antonioda-mota@aragao.net,Email
camilada-conceicao@pinto.com,Email
eda-conceicao@uol.com.br,Email
da-cunhahenrique@rodrigues.br,Email
mfarias@novaes.com,Email
cavalcantilorena@ig.com.br,Email
vsales@bol.com.br,Email
rodriguesalana@uol.com.br,Email
maysacaldeira@bol.com.br,Email
jlopes@fogaca.br,Email
saleslais@ig.com.br,Email
bpinto@hotmail.com,Email
brendamonteiro@uol.com.br,Email
joanamendes@costela.org,Email
ymoreira@uol.com.br,Email
miguelcarvalho@costela.com,Email
lararodrigues@peixoto.org,Email
giovannabarros@moraes.br,Email
claraazevedo@mendes.com,Email
das-nevescarolina@mendes.br,Email
heitor89@barros.br,Email
cavalcantihelena@santos.com,Email
thiagoda-cruz@pires.br,Email
liviamoreira@cunha.com,Email
xpeixoto@farias.br,Email
davi-luizfogaca@yahoo.com.br,Email
lorena32@bol.com.br,Email
guilhermepereira@uol.com.br,Email
ysilveira@ig.com.br,Email
piresgustavo@gmail.com,Email
mendespedro-lucas@da.br,Email
qazevedo@caldeira.br,Email
milena55@gmail.com,Email
mariananunes@uol.com.br,Email
zmonteiro@da.org,Email
teixeiraraul@costela.org,Email
silvagabrielly@silveira.br,Email
araujoyasmin@duarte.org,Email
caldeiravinicius@yahoo.com.br,Email
barrosrebeca@ig.com.br,Email
kjesus@ramos.net,Email
noah49@nascimento.net,Email
elisa93@ramos.com,Email
foliveira@caldeira.com,Email
ana-liviacardoso@yahoo.com.br,Email
lferreira@uol.com.br,Email
urodrigues@uol.com.br,Email
claricecostela@ramos.com,Email
ana-vitoriaribeiro@da.br,Email
hcorreia@goncalves.com,Email
mourapaulo@jesus.org,Email
da-conceicaogustavo-henrique@bol.com.br,Email
limamiguel@hotmail.com,Email
halmeida@campos.com,Email
klima@uol.com.br,Email
uribeiro@bol.com.br,Email
clariceramos@porto.com,Email
oliveirayago@hotmail.com,Email
evelyn07@ig.com.br,Email
da-cunhamarina@gmail.com,Email
cardosojoao-pedro@bol.com.br,Email
raquelribeiro@costa.com,Email
valentina33@cardoso.br,Email
rodriguesaugusto@yahoo.com.br,Email
amandaaraujo@bol.com.br,Email
ffernandes@gmail.com,Email
muriloda-conceicao@fernandes.org,Email
cauamartins@hotmail.com,Email
jesusyago@lopes.br,Email
vitor-gabriel10@hotmail.com,Email
catarinasilva@correia.org,Email
beatriz86@rocha.br,Email
fogacagabrielly@farias.com,Email
fporto@ig.com.br,Email
viniciusviana@farias.br,Email
rezendelavinia@da.com,Email
mfogaca@nascimento.br,Email
bryan28@jesus.br,Email
mirellafreitas@da.br,Email
raquel74@hotmail.com,Email
kaique79@yahoo.com.br,Email
liviaalmeida@almeida.com,Email
wrodrigues@teixeira.com,Email
piresmaria-eduarda@moraes.br,Email
sofiaalves@gmail.com,Email
joao-pedro70@hotmail.com,Email
maria-julia53@jesus.net,Email
cmoreira@sales.net,Email
luizanovaes@freitas.br,Email
marcelada-luz@costela.com,Email
isabel38@da.com,Email
balmeida@ig.com.br,Email
ana-julia64@silveira.br,Email
das-nevescaio@yahoo.com.br,Email
alopes@uol.com.br,Email
davi-lucca90@pereira.net,Email
pedro-henrique11@rocha.com,Email
luiz-felipe17@hotmail.com,Email
meloeloah@hotmail.com,Email
ocastro@costa.com,Email
nascimentopedro-lucas@costela.br,Email
larissa61@caldeira.com,Email
gnunes@bol.com.br,Email
juliaalves@uol.com.br,Email
npereira@bol.com.br,Email
maite07@da.com,Email
camposjulia@costela.br,Email
lpires@hotmail.com,Email
caldeirafernando@pinto.br,Email
gustavoribeiro@yahoo.com.br,Email
vicente08@bol.com.br,Email
duarteclarice@pereira.net,Email
valentinacampos@da.br,Email
isadora95@bol.com.br,Email
kmelo@gmail.com,Email
salesleonardo@gmail.com,Email
biancada-rosa@rocha.br,Email
ada-mata@alves.com,Email
correiagustavo-henrique@yahoo.com.br,Email
lorenamoreira@gmail.com,Email
joao-vitorgomes@das.com,Email
joao-gabrielda-paz@gmail.com,Email
eduardo02@correia.br,Email
ana-vitoria35@da.br,Email
da-conceicaofrancisco@da.br,Email
cfarias@bol.com.br,Email
vitoria25@barros.br,Email
ribeirovitoria@da.br,Email
dsilveira@hotmail.com,Email
emanuella77@uol.com.br,Email
nazevedo@hotmail.com,Email
zduarte@lima.com,Email
gabriela12@gmail.com,Email
wsilveira@hotmail.com,Email
nsilva@pereira.br,Email
xoliveira@uol.com.br,Email
vitor-hugo02@uol.com.br,Email
livia15@goncalves.com,Email
eduardocosta@gmail.com,Email
vianajoao@yahoo.com.br,Email
luiz-fernando44@cunha.com,Email
ryan66@bol.com.br,Email
wsilva@novaes.net,Email
elisavieira@uol.com.br,Email
vitoria15@hotmail.com,Email
cda-rocha@uol.com.br,Email
guilherme92@alves.br,Email
levi66@ig.com.br,Email
pietro90@bol.com.br,Email
henriquemelo@nascimento.net,Email
teixeiravitor@hotmail.com,Email
meloisabel@uol.com.br,Email
da-cunhaemanuel@ig.com.br,Email
rodriguesbenjamin@da.org,Email
nathansouza@ramos.br,Email
pietrooliveira@da.com,Email
vrocha@nogueira.com,Email
ana-julia72@da.br,Email
andreda-conceicao@uol.com.br,Email
hfarias@rodrigues.br,Email
carvalhomurilo@ig.com.br,Email
mariana46@bol.com.br,Email
lfarias@ramos.br,Email
novaesmaria@duarte.org,Email
da-rosacatarina@uol.com.br,Email
davi-lucas18@oliveira.br,Email
kaique80@araujo.com,Email
vmendes@uol.com.br,Email
aazevedo@correia.com,Email
drodrigues@gmail.com,Email
maysapires@ribeiro.com,Email
da-luznicolas@teixeira.br,Email
alvesmaria-fernanda@da.br,Email
leandroazevedo@ig.com.br,Email
obarros@nogueira.org,Email
almeidacaio@uol.com.br,Email
viniciusduarte@carvalho.com,Email
joao-pedro13@da.com,Email
gsilva@martins.net,Email
hpereira@da.br,Email
nunesmanuela@alves.br,Email
edas-neves@moura.com,Email
aliciajesus@cavalcanti.com,Email
martinslorena@ig.com.br,Email
raulda-luz@ig.com.br,Email
vcampos@gmail.com,Email
osilva@ig.com.br,Email
diasaugusto@lima.br,Email
caldeiraguilherme@sales.org,Email
vitor-gabrielda-rocha@duarte.br,Email
matheuslopes@ig.com.br,Email
wgomes@dias.br,Email
juanviana@gmail.com,Email
laranascimento@da.br,Email
rodriguesdaniel@barros.com,Email
juliavieira@duarte.br,Email
isaac33@uol.com.br,Email
otaviogomes@da.org,Email
moreiraagatha@uol.com.br,Email
bpires@da.br,Email
fpereira@teixeira.com,Email
vitor-hugo74@gomes.br,Email
melogabriel@ig.com.br,Email
henriqueda-mota@gmail.com,Email
caroline66@moura.br,Email
luna91@uol.com.br,Email
nogueiraheloisa@da.br,Email
maria06@uol.com.br,Email
barbaraazevedo@araujo.com,Email
qda-conceicao@hotmail.com,Email
correiasophia@nogueira.com,Email
bda-cunha@jesus.br,Email
gcarvalho@ig.com.br,Email
luiz-otavioda-rocha@ig.com.br,Email
andre27@gmail.com,Email
peixotoemanuella@gomes.br,Email
viniciusda-mata@da.com,Email
joao-lucasda-paz@gmail.com,Email
luiz-henriqueoliveira@cavalcanti.com,Email
davi-luiz61@campos.br,Email
barbararodrigues@alves.org,Email
castrokevin@nascimento.org,Email
mmendes@uol.com.br,Email
maria-julia55@hotmail.com,Email
nnascimento@gmail.com,Email
eduardo07@ig.com.br,Email
benjamincosta@bol.com.br,Email
vicenteporto@bol.com.br,Email
ada-mota@ig.com.br,Email
moreirabryan@ig.com.br,Email
mdias@uol.com.br,Email
monteiroana-clara@uol.com.br,Email
mgoncalves@da.com,Email
tcarvalho@da.br,Email
pviana@da.com,Email
karaujo@nogueira.org,Email
maria-cecilia71@teixeira.br,Email
mendesvitor-gabriel@pinto.net,Email
enzo41@carvalho.net,Email
fernando56@lima.net,Email
xlopes@yahoo.com.br,Email
enriconovaes@teixeira.br,Email
leonardo77@gomes.com,Email
clara14@ig.com.br,Email
catarinagoncalves@ig.com.br,Email
melohenrique@ig.com.br,Email
marianabarros@rodrigues.com,Email
bmendes@monteiro.br,Email
souzanatalia@yahoo.com.br,Email
marianavieira@uol.com.br,Email
pedrobarros@ramos.com,Email
srocha@da.net,Email
mirella91@nascimento.com,Email
moraesbruna@barros.br,Email
leticianunes@hotmail.com,Email
duarteagatha@jesus.com,Email
rezendemaite@uol.com.br,Email
amoura@gmail.com,Email
costacaroline@aragao.com,Email
procha@jesus.com,Email
caue82@aragao.br,Email
silveiraisis@bol.com.br,Email
marcelacosta@da.br,Email
barbosafernando@bol.com.br,Email
davifernandes@cardoso.org,Email
ana-carolinaalmeida@hotmail.com,Email
silveirastephany@yahoo.com.br,Email
isabellyrodrigues@ig.com.br,Email
lara88@hotmail.com,Email
duartebreno@da.com,Email
matheus29@cardoso.org,Email
zda-cruz@uol.com.br,Email
maria-fernanda62@cardoso.net,Email
ana-beatrizda-costa@yahoo.com.br,Email
maraujo@hotmail.com,Email
felipe81@campos.br,Email
raul42@freitas.br,Email
ycavalcanti@da.org,Email
souzasamuel@ig.com.br,Email
lara10@hotmail.com,Email
wda-mata@ig.com.br,Email
qcostela@gmail.com,Email
gustavo-henriquenascimento@barros.br,Email
lramos@moraes.br,Email
ana-clara83@yahoo.com.br,Email
alice51@cardoso.net,Email
isabellycaldeira@gomes.br,Email
usilva@rocha.com,Email
da-motapietra@gmail.com,Email
luigi89@gmail.com,Email
maria-eduardasouza@hotmail.com,Email
moreiragabriel@barros.br,Email
xda-cunha@gmail.com,Email
evelyncosta@yahoo.com.br,Email
qgoncalves@hotmail.com,Email
tda-rosa@rezende.br,Email
andre97@jesus.br,Email
monteiromilena@nunes.com,Email
fda-paz@bol.com.br,Email
"Pátio Costa, 30, das Neves do Amparo - MG",Endereco
"Núcleo Ana Clara da Mata, 841, da Cruz de Cunha - MS",Endereco
"Aeroporto Theo da Paz, 4, Barbosa Grande - MG",Endereco
"Loteamento de Azevedo, 83, Costa das Pedras - PR",Endereco
"Viela Maysa Costela, 96, Costela do Campo - AM",Endereco
"Conjunto da Costa, 18, Barros - RO",Endereco
"Praça Juliana Alves, 57, Rodrigues de Minas - SP",Endereco
"Vale da Costa, 523, Ferreira - RR",Endereco
"Praça de da Paz, 91, da Mota - RJ",Endereco
"Distrito de Dias, 3, Azevedo Paulista - DF",Endereco
"Alameda Laura da Paz, 1, Oliveira do Galho - MA",Endereco
"Fazenda de das Neves, 86, Silva - PA",Endereco
"Lagoa Correia, 55, Peixoto de Goiás - MT",Endereco
"Área Almeida, Martins - DF",Endereco
"Ladeira Lara Castro, 52, Moreira de Melo - MA",Endereco
"Viaduto Alves, Melo - MS",Endereco
"Trecho Emanuelly Moura, 44, Carvalho do Campo - BA",Endereco
"Trevo de Costa, 4, Porto - AM",Endereco
"Vale de Mendes, Ribeiro do Oeste - PI",Endereco
"Área Costela, 96, Monteiro da Praia - PB",Endereco
"Condomínio de Pinto, 8, Souza do Galho - SE",Endereco
"Trevo Freitas, Gonçalves - AL",Endereco
"Vila da Mota, 97, da Cunha - PB",Endereco
"Parque de Nogueira, 59, da Mata - AC",Endereco
"Favela de Alves, 978, Jesus de Goiás - MA",Endereco
"Sítio Erick da Cunha, 90, Gonçalves - AL",Endereco
"Ladeira Cunha, 40, Teixeira - AM",Endereco
"Morro de Moura, Cardoso da Prata - GO",Endereco
"Pátio Gonçalves, 10, das Neves Paulista - CE",Endereco
"Setor Cavalcanti, 94, Pires - ES",Endereco
"Favela Isadora Novaes, 47, Moura Grande - PR",Endereco
"Estação Ana da Mata, da Mota - RJ",Endereco
"Estação de Gomes, 5, da Luz - TO",Endereco
"Trevo de da Mota, 3, Pereira - ES",Endereco
"Passarela de Castro, 220, Nogueira do Sul - AM",Endereco
"Via Barbosa, 23, da Conceição do Sul - SE",Endereco
"Setor Mendes, da Paz - BA",Endereco
"Praia de da Cruz, 85, Farias - AL",Endereco
"Ladeira de Viana, 1, Cavalcanti - PI",Endereco
"Rodovia Peixoto, 40, Dias - PA",Endereco
"Morro Gomes, 26, da Cunha de Correia - ES",Endereco
"Morro Davi Lucas Melo, Moreira - AP",Endereco
"Distrito de da Luz, Souza Alegre - RN",Endereco
"Praça de da Costa, 59, Cavalcanti Paulista - PR",Endereco
"Jardim Maysa Cardoso, 3, Lopes - BA",Endereco
"Recanto Daniel Correia, 364, Martins - BA",Endereco
"Morro Pedro Miguel Sales, 77, Cunha de Goiás - MG",Endereco
"Residencial de Teixeira, 978, Nogueira - AP",Endereco
"Pátio de Souza, 431, Almeida do Oeste - AC",Endereco
"Recanto de Cunha, 1, Moreira Grande - MA",Endereco
"Sítio Peixoto, 43, Cunha - AM",Endereco
"Distrito de Nascimento, 7, Barros do Campo - RO",Endereco
"Recanto da Cruz, 3, da Conceição de Minas - ES",Endereco
"Travessa Peixoto, da Mata - PR",Endereco
"Rua Jesus, 66, Alves de Gomes - AM",Endereco
"Via Azevedo, 328, Novaes - TO",Endereco
"Quadra de Vieira, 99, Dias das Pedras - CE",Endereco
"Rua Nascimento, 73, das Neves - MG",Endereco
"Sítio de Cardoso, 67, Nascimento da Serra - AL",Endereco
"Via Ana Carolina da Mota, 21, Moreira - RN",Endereco
"Alameda Lucca Gomes, 28, da Rosa - RN",Endereco
"Estrada Gabrielly da Paz, Duarte - GO",Endereco
"Travessa de Barbosa, Barbosa de Barros - MT",Endereco
"Aeroporto Theo Gomes, Santos do Oeste - MT",Endereco
"Morro Francisco Castro, 96, Santos - SE",Endereco
"Alameda Nascimento, 19, da Cruz Grande - RO",Endereco
"Vereda Carvalho, 33, Santos - PE",Endereco
"Via de Silveira, 37, Gonçalves da Praia - RN",Endereco
"Área Maysa Nogueira, 23, Sales - AM",Endereco
"Distrito Lima, 217, Lopes de da Cunha - MA",Endereco
"Ladeira Moreira, 21, Ramos - GO",Endereco
"Praia Maitê Cunha, 8, Moreira - MA",Endereco
"Vale Maria Julia Costela, 95, Moura de Minas - RO",Endereco
"Praia de Ferreira, 1, Alves - BA",Endereco
"Lago Nascimento, 79, das Neves - MG",Endereco
"Viaduto Diego Monteiro, 97, Cavalcanti de Cardoso - CE",Endereco
"Passarela Pinto, 66, Lopes - MT",Endereco
"Favela Mariana Ribeiro, 5, Azevedo de Viana - BA",Endereco
"Vereda da Rosa, 19, Caldeira da Praia - SE",Endereco
"Favela Calebe da Rosa, 7, Fernandes da Serra - AP",Endereco
"Ladeira Nunes, 5, Peixoto de Souza - DF",Endereco
"Estação Calebe Carvalho, 55, da Paz - MS",Endereco
"Recanto Esther da Cruz, 75, da Paz - AP",Endereco
"Trecho de da Conceição, 15, Ramos - BA",Endereco
"Condomínio Vitória Oliveira, 18, Costela de Porto - RS",Endereco
"Área da Rosa, 96, Nascimento - DF",Endereco
"Estrada Alves, 15, Lima do Galho - TO",Endereco
"Vila Sales, 76, Moraes da Prata - PA",Endereco
"Condomínio João Gabriel Ramos, 35, Viana - PA",Endereco
"Viaduto Maria Sophia Pinto, 29, Cavalcanti - AP",Endereco
"Vale Oliveira, 8, Pires - PE",Endereco
"Viaduto Gonçalves, 43, Vieira de Nascimento - AM",Endereco
"Condomínio Samuel Rezende, 16, das Neves do Galho - MA",Endereco
"Jardim de Lima, 13, Azevedo do Sul - AC",Endereco
"Rua Olivia Lopes, 72, Novaes - DF",Endereco
"Passarela de Barros, 762, Nunes - MT",Endereco
"Praça Dias, 3, Novaes - TO",Endereco
"Jardim de Vieira, 45, Carvalho - AC",Endereco
"Vereda da Costa, 9, Nascimento - AC",Endereco
"Conjunto de Ramos, 42, Jesus - DF",Endereco
"Parque Ferreira, 5, da Conceição - RS",Endereco
"Trecho de Cavalcanti, Ramos - RN",Endereco
"Distrito Gomes, da Mata de Minas - AP",Endereco
"Favela Yuri Castro, 70, Rodrigues - RS",Endereco
"Viela Peixoto, Lopes dos Dourados - SE",Endereco
"Lagoa Alves, 19, Mendes - MS",Endereco
"Trevo de Viana, 3, Costa do Oeste - RN",Endereco
"Alameda de Silveira, da Rosa - MS",Endereco
"Alameda Martins, das Neves - AP",Endereco
"Conjunto de Fogaça, 47, Monteiro - RR",Endereco
"Lago de Rezende, 96, da Mota Paulista - CE",Endereco
"Ladeira de Novaes, 5, da Rocha - SC",Endereco
"Praia Ana Carolina Fogaça, 29, Pereira do Oeste - RJ",Endereco
"Vereda Cauê Porto, 90, Oliveira da Mata - RN",Endereco
"Rua de Moraes, 20, Martins - PA",Endereco
"Morro Farias, 4, Moura Grande - SP",Endereco
"Aeroporto Lopes, 6, Rezende - RJ",Endereco
"Fazenda Helena Campos, 44, Cavalcanti - PI",Endereco
"Trevo de Cardoso, 666, da Paz do Oeste - AL",Endereco
"Residencial Bryan Freitas, 21, da Cunha de Martins - RJ",Endereco
"Travessa Aragão, 10, Gomes de Costela - TO",Endereco
"Setor Souza, 6, Campos - PR",Endereco
"Lagoa Marcos Vinicius Lopes, Nunes de Minas - PI",Endereco
"Residencial Larissa Barros, 84, Costa de Moura - RN",Endereco
"Fazenda Barros, Cunha - AM",Endereco
"Praça de das Neves, 41, Teixeira do Sul - RR",Endereco
"Jardim Barbosa, 1, Cardoso Paulista - MT",Endereco
"Parque de Fogaça, 82, Costela - MT",Endereco
"Trecho Oliveira, 91, Rocha - RO",Endereco
"Largo Sophia Rocha, 51, Cardoso da Praia - PI",Endereco
"Viaduto da Rocha, 2, Caldeira de da Rosa - AC",Endereco
"Quadra Nogueira, 27, da Rocha Verde - SP",Endereco
"Largo de Lima, 92, Costela - ES",Endereco
"Praia Lavínia Silva, 46, Freitas - PA",Endereco
"Lagoa de Cavalcanti, 27, Duarte - AC",Endereco
"Ladeira Araújo, 88, Ferreira do Campo - PI",Endereco
"Praça Kevin da Costa, Santos das Pedras - PE",Endereco
"Praia Fogaça, 11, Pereira do Oeste - MA",Endereco
"Estação Juliana Freitas, 997, Cavalcanti do Norte - RS",Endereco
"Fazenda Correia, 1, Duarte de Minas - PI",Endereco
"Fazenda Lavínia Nunes, Novaes do Campo - ES",Endereco
"Ladeira de Sales, 42, Gomes da Mata - SC",Endereco
"Estação Santos, Lima de Duarte - CE",Endereco
"Campo de da Cunha, 85, Alves - RO",Endereco
"Loteamento Augusto da Luz, 31, Moraes - PR",Endereco
"Residencial Farias, 11, Gonçalves - TO",Endereco
"Rodovia de da Cunha, 21, Melo dos Dourados - PR",Endereco
"Setor Luiz Gustavo Rodrigues, 85, Moraes - MA",Endereco
"Rua Sophie Rocha, 5, da Conceição - PA",Endereco
"Viaduto da Conceição, 17, Pinto - MS",Endereco
"Chácara de da Mota, 51, Souza de da Luz - GO",Endereco
"Loteamento Yuri Peixoto, 44, Silveira - RR",Endereco
"Condomínio de Pinto, 69, Correia do Sul - PR",Endereco
"Quadra da Costa, 949, Jesus - PR",Endereco
"Lago Alves, 40, Costa do Norte - PR",Endereco
"Praça Moraes, 1, Cunha da Praia - MA",Endereco
"Viaduto de da Costa, 5, da Paz - PA",Endereco
"Lago das Neves, 8, Farias das Flores - PA",Endereco
"Jardim Jesus, 742, Cunha do Oeste - GO",Endereco
"Sítio João Jesus, 51, Viana de da Mata - MG",Endereco
"Colônia Guilherme Souza, 95, Rezende da Praia - PA",Endereco
"Pátio Beatriz Araújo, 206, Jesus - SE",Endereco
"Rodovia de Moura, 99, Barros das Flores - BA",Endereco
"Aeroporto de Rezende, 270, Fogaça - TO",Endereco
"Loteamento Castro, 89, Caldeira do Campo - SC",Endereco
"Rodovia de Barros, 38, Cunha de das Neves - RO",Endereco
"Lagoa Lima, 8, Correia - AP",Endereco
"Trevo Costa, Farias - DF",Endereco
"Alameda Clarice Pires, Caldeira do Campo - MA",Endereco
"Estação Lucas Viana, 89, Pinto - BA",Endereco
"Estação da Conceição, 92, Ribeiro - PR",Endereco
"Viaduto Eduardo Sales, 74, Cavalcanti dos Dourados - PA",Endereco
"Distrito Benício Gomes, 71, Jesus - AL",Endereco
"Viaduto de Pires, 6, Rezende - SC",Endereco
"Aeroporto Ian Moraes, 683, Silva de Minas - CE",Endereco
"Morro Mendes, 52, Novaes de Minas - TO",Endereco
"Parque Brenda da Mata, 588, Martins - RJ",Endereco
"Trecho Lavínia Nunes, 1, da Cruz - ES",Endereco
"Colônia de Sales, Martins de Dias - SP",Endereco
"Feira de Cavalcanti, 76, Caldeira - RN",Endereco
"Área Cardoso, 15, Martins - AM",Endereco
"Parque Gabriel da Paz, 84, Gomes de das Neves - DF",Endereco
"Praça Souza, 11, da Rocha - AL",Endereco
"Aeroporto Moreira, 99, Mendes - CE",Endereco
"Via de Souza, 43, Santos de Moraes - MS",Endereco
"Conjunto de Campos, 76, Cardoso - BA",Endereco
"Lagoa de Castro, 8, Barros - RN",Endereco
"Alameda Levi Gonçalves, 66, da Cruz - MA",Endereco
"Travessa de Duarte, Nunes do Norte - PI",Endereco
"Trecho Ribeiro, 10, Peixoto Paulista - DF",Endereco
"Conjunto da Rocha, 450, Cardoso de Azevedo - MS",Endereco
"Trevo Olivia Cardoso, Costela de Fogaça - SC",Endereco
"Área Sales, Monteiro - PA",Endereco
"Fazenda Augusto Caldeira, 4, Aragão da Prata - PR",Endereco
"Parque Maria Costela, Pereira da Prata - BA",Endereco
"Condomínio Laura Moura, da Mota Alegre - PA",Endereco
"Fazenda Carvalho, Dias - PA",Endereco
"Travessa de Barbosa, 4, Cardoso - AL",Endereco
"Estação Miguel Barbosa, 45, Costela das Flores - PR",Endereco
"Viaduto Cardoso, 5, Sales - RR",Endereco
"Fazenda Ana Luiza Jesus, 58, Souza - GO",Endereco
"Setor de Santos, 1, Oliveira do Amparo - GO",Endereco
"Conjunto Silveira, Lima - SC",Endereco
"Condomínio Moura, 40, Ramos de Correia - AC",Endereco
"Ladeira Freitas, 264, Freitas - RN",Endereco
"Alameda Vitor Hugo Nogueira, 40, Nascimento - CE",Endereco
"Setor Calebe Lima, 9, Araújo Alegre - TO",Endereco
"Favela de Araújo, 79, Caldeira do Campo - PI",Endereco
"Viela de Gomes, 976, da Cruz das Flores - PB",Endereco
"Conjunto Alves, 24, Viana - MA",Endereco
"Passarela de Azevedo, 545, Alves do Campo - MA",Endereco
"Largo de Ferreira, 87, Pires - AC",Endereco
"Morro Rocha, 136, Freitas - RN",Endereco
"Campo Ana Laura da Mata, 54, Costela de Dias - RS",Endereco
"Vale Barros, 11, Santos - PB",Endereco
"Área Gabrielly Dias, 5, Aragão da Praia - PI",Endereco
"Trevo Duarte, 21, Correia de Silva - AP",Endereco
"Largo Moura, 71, da Conceição do Sul - MT",Endereco
"Loteamento Alice Moura, 14, Moura - AL",Endereco
"Trecho Araújo, 4, Silva do Galho - SE",Endereco
"Morro de da Rosa, 19, Nascimento - SP",Endereco
"Campo das Neves, 989, Teixeira do Campo - PE",Endereco
"Trevo Ribeiro, 687, da Mota Verde - MA",Endereco
"Feira Sofia Moreira, 67, Duarte - PB",Endereco
"Núcleo Davi Lucca Moraes, 681, Dias de Porto - SE",Endereco
"Travessa Costela, 336, Gomes Alegre - MT",Endereco
"Pátio Peixoto, Sales - RS",Endereco
"Estação Ramos, 3, Peixoto - GO",Endereco
"Recanto de Castro, 70, da Cunha - AP",Endereco
"Rua de Nogueira, 35, Duarte da Mata - AM",Endereco
"Trecho Lara Cavalcanti, 2, Porto das Pedras - RS",Endereco
"Praça de Gonçalves, 32, da Costa - AC",Endereco
"Núcleo de Ramos, 85, Silva - SC",Endereco
"Colônia Lucas Gabriel Jesus, 15, Gomes Alegre - MG",Endereco
"Distrito Barbosa, 96, Lopes do Campo - MS",Endereco
"Condomínio Gomes, 87, da Cunha - MA",Endereco
"Colônia de Dias, 22, Vieira - TO",Endereco
"Alameda Barbosa, 183, Araújo de Moura - DF",Endereco
"Praça de Pires, 527, Costa - PB",Endereco
"Jardim Davi Cunha, 61, das Neves - SC",Endereco
"Esplanada Clarice Melo, Ramos do Galho - RO",Endereco
"Vila Lopes, 7, Silveira - MT",Endereco
"Viaduto de Azevedo, 4, Nascimento - ES",Endereco
"Jardim Ribeiro, 37, Gomes de Costela - DF",Endereco
"Rua da Rosa, 7, Rodrigues - PI",Endereco
"Estação Azevedo, 74, Monteiro - PR",Endereco
"Estação de Jesus, 84, Novaes de Moraes - PI",Endereco
"Colônia Leonardo Correia, 86, Farias das Pedras - AM",Endereco
"Largo Maria Alice Correia, 36, Rodrigues de Oliveira - RO",Endereco
"Lago Fogaça, 136, Ferreira Alegre - PA",Endereco
"Praça Alana Ferreira, 5, das Neves de Mendes - RS",Endereco
"Lagoa Porto, 33, Correia - RN",Endereco
"Conjunto Kamilly Viana, 1, Carvalho Alegre - MS",Endereco
"Campo de Barros, 935, da Cruz - TO",Endereco
"Fazenda Nathan da Cruz, 75, Vieira - SC",Endereco
"Área Aragão, 718, Barbosa de da Cruz - MA",Endereco
"Fazenda Farias, 5, Nascimento - RS",Endereco
"Ladeira Cardoso, 2, Aragão do Sul - SC",Endereco
"Trevo de da Costa, 7, Lima - SE",Endereco
"Rodovia Pietra Aragão, 84, Castro - GO",Endereco
"Recanto de Nascimento, 26, Oliveira - PI",Endereco
"Lago Mariana Teixeira, 136, Novaes de Moura - SP",Endereco
"Colônia de Porto, 19, Dias dos Dourados - MS",Endereco
"Colônia de Lima, 22, da Cunha - DF",Endereco
"Trecho Luiz Felipe Cardoso, 86, Caldeira - SP",Endereco
"Pátio Pedro Henrique Mendes, 60, Almeida Paulista - RR",Endereco
"Residencial de Viana, 45, Rezende do Amparo - PE",Endereco
"Chácara de Cavalcanti, 71, Alves - CE",Endereco
"Condomínio de da Cunha, 27, Pereira - PR",Endereco
"Rua de Rodrigues, 78, Alves da Mata - AM",Endereco
"Viela Marcelo Silveira, 69, da Conceição - MA",Endereco
"Favela de Moura, 894, da Rocha de Melo - SC",Endereco
"Esplanada Souza, 60, da Luz Grande - PR",Endereco
"Lagoa da Mota, Castro - PI",Endereco
"Colônia Cauã Rezende, 621, Monteiro - RS",Endereco
"Ladeira Gomes, Lima da Praia - RN",Endereco
"Jardim Helena Viana, 31, da Rosa - GO",Endereco
"Travessa Emanuel Costela, 696, Ribeiro do Oeste - CE",Endereco
"Favela Carvalho, da Conceição - CE",Endereco
"Largo Cardoso, 3, Pereira de Ribeiro - MT",Endereco
"Condomínio de Duarte, 766, Moraes de Lima - TO",Endereco
"Rua Davi Lucca da Rosa, 34, Pires do Amparo - RR",Endereco
"Viela Erick Pinto, 12, Rezende da Praia - SC",Endereco
"Vale da Mota, 35, da Paz - PB",Endereco
"Estrada de Almeida, 245, Fernandes do Galho - AC",Endereco
"Área Lívia Freitas, 16, Freitas do Norte - RJ",Endereco
"Recanto Ramos, 82, Azevedo - MS",Endereco
"Distrito de da Luz, Cardoso - PA",Endereco
"Avenida Pires, 6, Viana - GO",Endereco
"Via Aragão, 35, Silveira do Sul - RO",Endereco
"Viaduto Maria Clara Caldeira, 4, Fogaça - AP",Endereco
"Área Marcos Vinicius da Paz, 162, Freitas da Prata - MS",Endereco
"Quadra Isabel Carvalho, Carvalho de Correia - AP",Endereco
"Chácara de da Mata, 19, Alves - DF",Endereco
"Quadra Davi Lucca Farias, 33, Barros das Flores - RR",Endereco
"Ladeira Cunha, 456, Fogaça - DF",Endereco
"Jardim Maria Pires, 81, Moreira da Praia - SP",Endereco
"Praia de da Cunha, 7, Teixeira - RJ",Endereco
"Praça de Monteiro, 63, Carvalho do Galho - SP",Endereco
"Favela Bianca Ferreira, 2, Ribeiro - BA",Endereco
"Largo de Moura, 169, Cavalcanti da Praia - AC",Endereco
"Recanto Raul Mendes, 3, Lima da Serra - PB",Endereco
"Alameda Pires, 779, Ribeiro de Goiás - GO",Endereco
"Trevo Renan Rocha, 14, Santos - AM",Endereco
"Ladeira Isabelly Nunes, 902, Jesus - RN",Endereco
"Estrada de Cunha, 15, Lima - SE",Endereco
"Morro Ramos, 82, da Conceição - DF",Endereco
"Lagoa Davi Lucca da Mata, 73, Farias - BA",Endereco
"Núcleo de Almeida, 62, Ribeiro - PI",Endereco
"Vila Kevin Ribeiro, 47, Nogueira - BA",Endereco
"Passarela Martins, 76, Monteiro - PR",Endereco
"Trecho de Araújo, 39, Moura - MS",Endereco
"Aeroporto de Novaes, 4, Sales - DF",Endereco
"Lagoa Pinto, Mendes - MG",Endereco
"Praça da Costa, 74, Azevedo de Ferreira - PA",Endereco
"Passarela Silveira, 8, Monteiro - RO",Endereco
"Via Nunes, 3, Costela Verde - PE",Endereco
"Quadra de Alves, 76, Jesus - PA",Endereco
"Vereda de Correia, 678, Melo de Teixeira - MS",Endereco
"Praça Teixeira, Cardoso Grande - AC",Endereco
"Trecho de Ferreira, 88, Barros dos Dourados - MA",Endereco
"Residencial Ramos, Barros da Praia - GO",Endereco
"Viela Nicolas Araújo, 542, Peixoto do Sul - PB",Endereco
"Vereda Breno Correia, 90, Farias da Serra - AP",Endereco
"Conjunto da Conceição, 56, Ramos de Goiás - TO",Endereco
"Rua de Ramos, 2, Moura do Norte - BA",Endereco
"Vereda de Castro, 28, Jesus das Pedras - MG",Endereco
"Jardim Cardoso, Correia do Oeste - RJ",Endereco
"Vale Eduarda Viana, 60, da Rosa de Pinto - GO",Endereco
"Estação de Freitas, 709, Gomes - GO",Endereco
"Favela Arthur Peixoto, Freitas - GO",Endereco
"Vereda de Lopes, 4, Aragão - RR",Endereco
"Campo Gomes, 779, Viana das Flores - PR",Endereco
"Loteamento Mendes, 85, Rezende - SC",Endereco
"Setor da Cunha, 74, Cardoso - RS",Endereco
"Morro de Cardoso, 68, Gonçalves Alegre - PB",Endereco
"Alameda Henrique da Cunha, 759, Aragão da Mata - PI",Endereco
"Feira Vitor Gabriel Teixeira, 26, Novaes - DF",Endereco
"Travessa Gonçalves, 72, Moraes do Oeste - PA",Endereco
"Largo Sophia Moreira, 6, das Neves das Flores - PR",Endereco
"Lago Ana Sophia da Cruz, 56, Teixeira - TO",Endereco
"Via João Felipe Castro, 79, Oliveira do Oeste - RS",Endereco
"Fazenda de Cunha, Oliveira - AC",Endereco
"Feira de da Cunha, 671, Nogueira - PI",Endereco
"Esplanada Ramos, 33, da Paz de Martins - BA",Endereco
"Alameda da Rocha, 477, Duarte de da Luz - PB",Endereco
"Condomínio de Melo, 83, Almeida - SC",Endereco
"Viela de Oliveira, Nogueira de Cardoso - SE",Endereco
"Setor Erick Teixeira, 8, Caldeira de Gonçalves - SE",Endereco
"Área de Moreira, 88, Costa do Campo - BA",Endereco
"Trecho Raquel Correia, 75, da Conceição de Goiás - SE",Endereco
"Jardim Castro, 81, Farias de Ferreira - MT",Endereco
"Praia de Melo, 54, Cunha - BA",Endereco
"Alameda Leonardo Moura, 554, Lima - PR",Endereco
"Viela Nicolas da Costa, 52, Fernandes de Goiás - AC",Endereco
"Trecho Jesus, 19, Moreira do Galho - SC",Endereco
"Passarela de Rocha, 325, Silveira da Praia - MG",Endereco
"Via Joaquim Souza, 82, Alves de Minas - MT",Endereco
"Favela Levi da Costa, 29, Moraes - PR",Endereco
"Vereda de Alves, 633, Nunes - RS",Endereco
"Rodovia Daniel Fogaça, Caldeira - PB",Endereco
"Feira de Farias, 42, Ramos - CE",Endereco
"Ladeira de Vieira, Carvalho do Oeste - SC",Endereco
"Conjunto Silveira, 40, Farias - RJ",Endereco
"Recanto de Rezende, 9, Lopes - SE",Endereco
"Estrada Rocha, 8, Ribeiro - DF",Endereco
"Trecho de da Rosa, Jesus de Alves - RJ",Endereco
"Praia da Mota, 197, Oliveira Paulista - PR",Endereco
"Loteamento Santos, 58, Ferreira da Prata - ES",Endereco
"Viela Helena Santos, 27, Rodrigues - AC",Endereco
"Recanto de Sales, 22, Jesus do Campo - PB",Endereco
"Viela de Teixeira, 23, da Rosa - MA",Endereco
"Largo Sofia Souza, 51, da Costa - MT",Endereco
"Passarela da Cunha, 39, Silveira do Amparo - RS",Endereco
"Ladeira Lorenzo Ferreira, 64, Lima - MT",Endereco
"Largo Ana Sophia Lima, 79, Almeida das Flores - AL",Endereco
"Via Guilherme Ramos, 40, Fernandes - MA",Endereco
"Alameda Pedro Pereira, 95, da Rosa - RN",Endereco
"Ladeira Enrico Cardoso, 62, Ribeiro de Barbosa - SP",Endereco
"Vila Mariane Rodrigues, 74, Castro - AL",Endereco
"Ladeira Esther Moura, 24, Cunha de Cardoso - MT",Endereco
"Pátio de da Costa, 59, Carvalho - PB",Endereco
"Travessa Fernanda Ferreira, 184, Campos - SE",Endereco
"Largo de Moreira, 33, Rezende de Goiás - PB",Endereco
"Estrada Maria Fernanda Ferreira, 19, Costa - RS",Endereco
"Passarela Carolina Barros, 608, Pinto - AL",Endereco
"Setor Caroline Gomes, 251, Correia - PI",Endereco
"Chácara de Rezende, 731, Rezende dos Dourados - SC",Endereco
"Loteamento de Cardoso, 69, Souza de Pinto - AC",Endereco
"Lago de Almeida, 160, Martins - PA",Endereco
"Fazenda Isis Martins, 673, da Mota - SP",Endereco
"Lagoa da Mata, 1, Costela - PI",Endereco
"Largo Lopes, 43, da Cruz das Pedras - GO",Endereco
"Morro Araújo, 27, Araújo dos Dourados - SC",Endereco
"Favela de Nascimento, 8, Nunes de da Paz - DF",Endereco
"Trecho Felipe Carvalho, 98, da Cruz - SP",Endereco
"Residencial Moraes, 46, Carvalho - SE",Endereco
"Recanto Luiz Gustavo Silva, 8, Almeida - MG",Endereco
"Passarela Eduardo Moraes, 24, Jesus de Goiás - RR",Endereco
"Via de Nogueira, Aragão de Freitas - SC",Endereco
"Área Gustavo Henrique Farias, 19, Silveira - BA",Endereco
"Recanto de Azevedo, 4, Moura das Pedras - TO",Endereco
"Estação João Felipe Silveira, 62, da Cruz - AC",Endereco
"Lagoa Nunes, 64, Araújo - MT",Endereco
"Área Nina da Conceição, Barbosa da Prata - MG",Endereco
"Rua de da Cunha, 11, das Neves de Minas - PA",Endereco
"Recanto Rezende, Teixeira dos Dourados - BA",Endereco
"Vereda de Almeida, 87, Costela Alegre - RO",Endereco
"Vale Maria Clara Castro, 47, das Neves - PE",Endereco
"Fazenda Cardoso, 7, Cavalcanti de Goiás - ES",Endereco
"Viaduto Jesus, 97, Costela Alegre - PA",Endereco
"Distrito de Azevedo, 40, Alves - BA",Endereco
"Feira da Cruz, 15, Rocha de Monteiro - DF",Endereco
"Passarela de Porto, 57, Costa de Freitas - RS",Endereco
"Loteamento de Mendes, 64, Vieira de Ramos - RO",Endereco
"Loteamento de Silveira, Campos da Praia - PA",Endereco
"Setor Costela, 4, Correia de Costa - PI",Endereco
"Conjunto Ryan Lima, 96, Santos - CE",Endereco
"Estrada de da Conceição, 40, Souza Grande - RJ",Endereco
"Rua de Barros, 458, Moura - CE",Endereco
"Esplanada de das Neves, Viana - RN",Endereco
"Ladeira Barros, 74, Ribeiro dos Dourados - MT",Endereco
"Lagoa de Almeida, 5, da Rocha de Minas - AL",Endereco
"Conjunto Gustavo Henrique Rocha, 73, Peixoto - MG",Endereco
"Feira Monteiro, 4, Cunha das Flores - AM",Endereco
"Trecho de da Costa, 37, Martins do Sul - RS",Endereco
"Lagoa de Souza, Ribeiro - ES",Endereco
"Lagoa Felipe Viana, 272, Fogaça do Norte - MG",Endereco
"Condomínio Letícia Rezende, 39, Gonçalves de das Neves - PE",Endereco
"Trevo Moreira, Sales - TO",Endereco
"Pátio Carlos Eduardo Cavalcanti, 54, Peixoto Paulista - MS",Endereco
"Colônia Rodrigues, Sales - ES",Endereco
"Viaduto Luiz Otávio Cavalcanti, 78, Barbosa do Campo - RJ",Endereco
"Colônia de Castro, 4, Peixoto das Flores - RR",Endereco
"Morro Pires, 99, Nunes - TO",Endereco
"Praça de Araújo, 39, Melo - AM",Endereco
"Alameda Natália Ramos, 65, Farias Paulista - PB",Endereco
"Largo Ramos, 42, Nunes da Praia - SP",Endereco
"Residencial Carvalho, 95, Lopes - TO",Endereco
"Chácara Nunes, 89, Nascimento - DF",Endereco
"Residencial de Monteiro, 67, da Cunha - MT",Endereco
"Estrada Lima, Teixeira da Serra - MG",Endereco
"Campo de da Paz, 2, Ferreira Grande - RR",Endereco
"Morro de Novaes, 26, Cardoso Alegre - ES",Endereco
"Feira Vieira, 14, das Neves de das Neves - ES",Endereco
"Via Leandro da Conceição, 5, Aragão - RN",Endereco
"Pátio Giovanna Vieira, 336, Nogueira Paulista - RR",Endereco
"Jardim Ana Julia Moura, 63, Cardoso Grande - MT",Endereco
"Feira de Teixeira, 921, Teixeira de Lopes - AM",Endereco
"Fazenda de Monteiro, 537, Ramos - RN",Endereco
"Trecho Ana Júlia Campos, 90, Caldeira de Monteiro - PR",Endereco
"Distrito de Campos, 51, Araújo do Amparo - PA",Endereco
"Passarela da Rosa, 94, Melo de Goiás - RJ",Endereco
"Pátio de da Conceição, 195, Moraes - RJ",Endereco
"Vale Campos, da Cruz do Oeste - ES",Endereco
"Estação Araújo, 61, Castro - MG",Endereco
"Viela de Nogueira, 86, Mendes - CE",Endereco
"Morro João Gabriel Pinto, Sales de Minas - CE",Endereco
"Estrada Lorenzo Monteiro, 6, Castro de Souza - GO",Endereco
"Avenida de Caldeira, Castro da Serra - AC",Endereco
"Aeroporto Martins, 14, Campos da Serra - DF",Endereco
"Residencial de da Mata, 235, Moura - RJ",Endereco
"Estação Clarice da Costa, 10, Lima - MA",Endereco
"Viela João Guilherme Silveira, Castro - PR",Endereco
"Distrito de Mendes, 78, Correia de Vieira - AP",Endereco
"Núcleo da Conceição, 47, Barbosa da Praia - AL",Endereco
"Trecho de Castro, 915, Viana do Oeste - MA",Endereco
"Praia da Paz, 76, Nascimento de Minas - PR",Endereco
"Colônia Pedro Rocha, Lima do Amparo - SE",Endereco
"Viela Maria Caldeira, 203, Viana da Serra - RS",Endereco
"Avenida de Teixeira, 1, Nogueira do Oeste - MS",Endereco
"Viela Pinto, 982, Barbosa do Oeste - AM",Endereco
"Fazenda Lopes, 4, da Rocha de Alves - AL",Endereco
"Vila Correia, 40, da Luz das Flores - TO",Endereco
"Passarela Bryan da Costa, 49, Pereira Verde - RR",Endereco
"Lagoa de da Rocha, 16, Oliveira das Flores - GO",Endereco
"Residencial Fernandes, 106, Costela de das Neves - AP",Endereco
"Condomínio da Cruz, 31, da Cunha Paulista - RO",Endereco
"Passarela de Gomes, 544, Costa - MG",Endereco
"Chácara Sales, 92, Ribeiro - PR",Endereco
"Fazenda Azevedo, da Mata de Minas - SP",Endereco
"Feira Pinto, 357, Barbosa de Santos - SP",Endereco
"Largo Barbosa, 602, da Luz da Praia - PB",Endereco
"Avenida de Novaes, 52, das Neves - CE",Endereco
"Loteamento Pires, 8, Farias - RN",Endereco
"Sítio Igor da Conceição, 250, Oliveira - PE",Endereco
"Vale da Cunha, 15, Cavalcanti - RO",Endereco
"Parque Almeida, 206, Azevedo - RJ",Endereco
"Alameda Ribeiro, 764, Duarte de Rodrigues - RN",Endereco
"Vereda Ana Vitória Rocha, 97, das Neves Grande - MA",Endereco
"Estação de Nogueira, 62, Pinto - SE",Endereco
"Área Ramos, 48, Costela da Praia - DF",Endereco
"Pátio Ana Porto, 86, Mendes Alegre - RO",Endereco
"Rua da Rocha, 43, Moreira - PB",Endereco
"Núcleo Luna Lima, 36, Cavalcanti de Viana - RS",Endereco
"Vale Alícia Barros, 63, Nogueira - PE",Endereco
"Praia Araújo, 36, da Costa das Flores - RJ",Endereco
"Distrito Oliveira, 47, Rodrigues - MT",Endereco
"Rua de Azevedo, 2, Aragão - AC",Endereco
"Loteamento Carvalho, 45, da Rosa - MA",Endereco
Rua D 789 belo horizonte,Endereco
Loteamento Carvalho,Endereco
Praça de da Luz 2 Cavalcanti - MA,Endereco
Rua Denotada De fabio 45,Endereco
Rua de 20 Cavalcanti - MA,Endereco
Avenida Brasil 123 Centro São Paulo - SP,Endereco
Rua das Flores 45 Vila Nova,Endereco
Travessa da Paz s/n Morada do Sol,Endereco
Estrada Velha km 5 Zona Rural,Endereco
Praça Central Bloco C Apto 101 Campinas - SP,Endereco
Rua dos Pinheiros 678 Jardim Alegre,Endereco
Ladeira da Saudade,Endereco
Avenida Dom Pedro II 90 Centro Ribeirão Preto - SP,Endereco
Rua da Aurora 321 Boa Vista,Endereco
Alameda dos Jasmins,Endereco
Setor Comercial Sul Quadra 2 Bloco D Brasília - DF,Endereco
Rua Quinze de Novembro 567 Centro Curitiba - PR,Endereco
Avenida Paulista 1000 Bela Vista São Paulo - SP,Endereco
Rua Sergipe 234 Funcionários Belo Horizonte - MG,Endereco
Praça Tiradentes 10 Centro Rio de Janeiro - RJ,Endereco
Estrada do Contorno km 12,Endereco
Rua Amazonas 890 Prado,Endereco
Avenida Paraná 456 Água Verde,Endereco
Travessa União 78 Novo Horizonte,Endereco
Alameda das Acácias 123 Parque das Flores,Endereco
Rua da Bahia 543 Centro Salvador - BA,Endereco
Largo da Matriz s/n Centro Porto Alegre - RS,Endereco
Avenida Beira Mar 321 Praia de Iracema Fortaleza - CE,Endereco
Rua do Imperador 789 Centro Petrópolis - RJ,Endereco
Setor Oeste Rua 5 Quadra 10 Goiânia - GO,Endereco
Rua Getúlio Vargas 345 Centro Marília - SP,Endereco
Avenida Santo Antônio 678 Jardim Primavera Marília - SP,Endereco
Travessa das Acácias s/n Parque dos Ipês Marília - SP,Endereco
Estrada da Cachoeira km 2 Zona Rural Marília - SP,Endereco
Praça da Bandeira 12 Bloco A Apto 202 Centro Marília - SP,Endereco
Rua Prudente de Moraes 901 Vila Nova Marília - SP,Endereco
Ladeira do Sol,Endereco
Avenida João Ramalho 456 Centro Marília - SP,Endereco
Rua Bandeirantes 789 Boa Vista Marília - SP,Endereco
Alameda das Orquídeas,Endereco
Rua das Rosas 234 Jardim Europa Marília - SP,Endereco
Avenida Vicente Ferreira 567 Centro Marília - SP,Endereco
Rua 9 de Julho 1001 Centro Marília - SP,Endereco
Rua Paraíba 890 Cascata Marília - SP,Endereco
Praça Saturnino de Brito 5 Centro Marília - SP,Endereco
Estrada do Pombo km 7,Endereco
Rua Amazonas 123 Fragata Marília - SP,Endereco
Avenida Brigadeiro Eduardo Gomes 789 Aeroporto Marília - SP,Endereco
Travessa da Saudade 45 Jardim Cavallari Marília - SP,Endereco
Alameda dos Lírios 567 Parque das Nações Marília - SP,Endereco
Rua Bahia 901 Centro Marília - SP,Endereco
Largo São Bento s/n Centro Marília - SP,Endereco
Avenida Pedro de Toledo 234 Vila Progresso Marília - SP,Endereco
Rua Carlos Gomes 678 Centro Marília - SP,Endereco
Setor Leste Rua 3 Quadra 5 Brasília - DF,Endereco
Rua XV de Novembro 321 Centro Ponta Grossa - PR,Endereco
Avenida Atlântica 2000 Copacabana Rio de Janeiro - RJ,Endereco
Rua Minas Gerais 456 Savassi Belo Horizonte - MG,Endereco
Praça da Sé 15 Centro São Paulo - SP,Endereco
Estrada das Paineiras km 3,Endereco
Rua Ceará 789 Funcionários Belo Horizonte - MG,Endereco
Avenida Sete de Setembro 123 Centro Curitiba - PR,Endereco
Travessa da Amizade 90 Jardim Botânico,Endereco
Alameda dos Cravos 345 Parque Industrial,Endereco
Rua Pernambuco 654 Centro Londrina - PR,Endereco
Largo do Carmo s/n Centro Olinda - PE,Endereco
Avenida Boa Viagem 567 Boa Viagem Recife - PE,Endereco
Rua da Praia 890 Centro Florianópolis - SC,Endereco
Setor Sul Quadra 12 Bloco B Goiânia - GO,Endereco
Rua Acre 210 Centro Campo Grande - MS,Endereco
Avenida Afonso Pena 700 Centro Belo Horizonte - MG,Endereco
Praça da República 25 Centro Belém - PA,Endereco
Estrada do Mar km 10,Endereco
Rua Espírito Santo 500 Centro Vitória - ES,Endereco
Avenida Fernando Corrêa da Costa 300 Centro Cuiabá - MT,Endereco
Travessa da Esperança 60 Jardim das Américas,Endereco
Alameda dos Hibiscos 400 Parque Sol Nascente,Endereco
Rua Alagoas 900 Centro Maceió - AL,Endereco
Largo da Ordem s/n Centro Curitiba - PR,Endereco
Avenida Hermes da Fonseca 1200 Tirol Natal - RN,Endereco
"Dra. Ana Clara Duarte",Nome
"Sr. Carlos Eduardo Pires",Nome
"Marcos Vinícius dos Santos",Nome
"Maria Fernanda Costa",Nome
"Dr. Rafael Queiroz",Nome
"Juliana de Oliveira",Nome
"Pedro Henrique Lima",Nome
"Sra. Beatriz Rocha",Nome
"Luiz Felipe Nogueira",Nome
"Amanda Tavares Melo",Nome
"Gabriel Gonçalves",Nome
"Letícia Freitas",Nome
"Ricardo Almeida",Nome
"Camila Castro",Nome
"Bruno Henrique Silva",Nome
"Patrícia Lopes",Nome
"Diego Martins",Nome
"Vanessa Souza",Nome
"Thiago Correia",Nome
"Laura Mendes",Nome
"11987654321",Telefone
"2191234-5678",Telefone
"+55 31 98765-4321",Telefone
"85 912345678",Telefone
"(11) 92345-6789",Telefone
"47912345678",Telefone
"+55 (21) 9876-5432",Telefone
"63 91234-5678",Telefone
"27 9 8765-4321",Telefone
"5198765-4321",Telefone
"(48) 91234 5678",Telefone
"71 98765 4321",Telefone
"61912345678",Telefone
"+55 (62) 91234-5678",Telefone
"81 9 8765-4321",Telefone
"3591234-5678",Telefone
"(98) 98765-4321",Telefone
"91 91234 5678",Telefone
"68912345678",Telefone
"+55 11 91234-5678",Telefone
"ana.duarte@empresa.com.br",Email
"carlos.pires@outlook.com",Email
"marcos.santos@gmail.com",Email
"maria.costa@hotmail.com",Email
"rafael.queiroz@protonmail.com",Email
"juliana.oliveira@yahoo.com",Email
"pedro.lima@dominio.com.br",Email
"beatriz.rocha@servico.org",Email
"luiz.nogueira@email.net",Email
"amanda.melo@site.com.br",Email
"gabriel.goncalves@corp.com",Email
"leticia.freitas@mail.com",Email
"ricardo.almeida@empresa.com",Email
"camila.castro@provedor.net",Email
"bruno.silva@dominio.com",Email
"patricia.lopes@email.org",Email
"diego.martins@servico.com",Email
"vanessa.souza@correio.net",Email
"thiago.correia@dominio.com.br",Email
"laura.mendes@mail.org",Email
"Alameda Santos, 45 - Jardim Paulista, São Paulo - SP",Endereco
"Rua das Flores, 123 - Centro, Belo Horizonte - MG",Endereco
"Av. Paulista, 1000 - Bela Vista, São Paulo - SP",Endereco
"Travessa da Paz, s/n - Vila Nova, Porto Alegre - RS",Endereco
"Quadra 102 Sul, Alameda 5 - Plano Diretor Sul, Palmas - TO",Endereco
"Rua XV de Novembro, 789 - Centro, Curitiba - PR",Endereco
"Avenida Beira Mar, 456 - Praia de Iracema, Fortaleza - CE",Endereco
"Estrada do Mangue, km 5 - Zona Rural, Recife - PE",Endereco
"Loteamento Primavera, Quadra 3 - Cuiabá - MT",Endereco
"Rodovia BR-101, km 78 - São José, Santa Catarina - SC",Endereco
"Praça da Sé, 1 - Centro, São Paulo - SP",Endereco
"Rua da Aurora, 235 - Boa Vista, Recife - PE",Endereco
"Alameda dos Ipês, 67 - Jardim Botânico, Brasília - DF",Endereco
"Viela São Francisco, 12 - Vila Madalena, São Paulo - SP",Endereco
"Passarela do Samba, 34 - Centro, Rio de Janeiro - RJ",Endereco
"Avenida Presidente Vargas, 500 - Centro, Rio de Janeiro - RJ",Endereco
"Rua do Comércio, 89 - Centro, Salvador - BA",Endereco
"Travessa da Esperança, 3 - Liberdade, São Paulo - SP",Endereco
"Estrada Velha, km 12 - Zona Rural, Goiânia - GO",Endereco
"Alameda Rio Negro, 1010 - Alphaville, Barueri - SP",Endereco
"18",Idade
"22",Idade
"35",Idade
"47",Idade
"29",Idade
"56",Idade
"31",Idade
"42",Idade
"25",Idade
"63",Idade
"19",Idade
"37",Idade
"51",Idade
"28",Idade
"44",Idade
"32",Idade
"59",Idade
"26",Idade
"40",Idade
"21",Idade
Dra. Carolina Fonseca,Nome
Sr. Marcelo Rangel,Nome
Fernanda Vasconcelos,Nome
Dr. Eduardo Pimentel,Nome
Sra. Luciana Castro,Nome
Gustavo Henrique Alves,Nome
Daniela Ribeiro,Nome
Roberto Campos,Nome
Tatiane Oliveira,Nome
Felipe Nogueira,Nome
Ana Júlia Mendes,Nome
Carlos Augusto,Nome
Viviane Souza,Nome
Ricardo Martins,Nome
Patrícia Lúcia,Nome
Marcelo Dias,Nome
Juliana Pereira,Nome
Rodrigo Santana,Nome
Amanda Costa,Nome
Fábio Júnior,Nome
21987654321,Telefone
11912345678,Telefone
+55 31 98765432,Telefone
8591234567,Telefone
(11) 91234-5678,Telefone
47987654321,Telefone
+55 21 98765432,Telefone
63912345678,Telefone
27987654321,Telefone
51912345678,Telefone
(48) 987654321,Telefone
71912345678,Telefone
61987654321,Telefone
+55 62 912345678,Telefone
81987654321,Telefone
35912345678,Telefone
(98) 912345678,Telefone
91987654321,Telefone
68912345678,Telefone
+55 11 987654321,Telefone
carolina.fonseca@empresa.com,Email
marcelo.rangel@outlook.com,Email
fernanda.vasconcelos@gmail.com,Email
eduardo.pimentel@hotmail.com,Email
luciana.castro@protonmail.com,Email
gustavo.alves@yahoo.com,Email
daniela.ribeiro@dominio.com,Email
roberto.campos@servico.org,Email
tatiane.oliveira@email.net,Email
felipe.nogueira@site.com,Email
ana.mendes@corp.com,Email
carlos.augusto@mail.com,Email
viviane.souza@empresa.com,Email
ricardo.martins@provedor.net,Email
patricia.lucia@dominio.com,Email
marcelo.dias@email.org,Email
juliana.pereira@servico.com,Email
rodrigo.santana@correio.net,Email
amanda.costa@dominio.com,Email
fabio.junior@mail.org,Email
Rua das Palmeiras 100 - Jardim Botânico Rio de Janeiro - RJ,Endereco
Avenida Central 500 - Centro Belém - PA,Endereco
Travessa da Esperança 15 - Vila Nova São Paulo - SP,Endereco
Alameda dos Anjos 200 - Jardim América Goiânia - GO,Endereco
Quadra 105 Norte Rua 7 - Plano Diretor Norte Palmas - TO,Endereco
Rua Sete de Setembro 89 - Centro Porto Alegre - RS,Endereco
Avenida Beira Rio 456 - Centro Manaus - AM,Endereco
Estrada do Contorno km 7 - Zona Rural Salvador - BA,Endereco
Loteamento Verde Quadra 5 - Cuiabá - MT,Endereco
Rodovia BR-116 km 89 - São José dos Pinhais - PR,Endereco
Praça da Liberdade 2 - Centro Belo Horizonte - MG,Endereco
Rua do Sol 300 - Boa Vista Recife - PE,Endereco
Alameda das Flores 45 - Jardim Europa Brasília - DF,Endereco
Viela Harmonia 23 - Vila Madalena São Paulo - SP,Endereco
Passarela da Cultura 56 - Centro Curitiba - PR,Endereco
Avenida Brasil 1500 - Centro Vitória - ES,Endereco
Rua do Mercado 78 - Centro Fortaleza - CE,Endereco
Travessa da Paz 8 - Liberdade São Paulo - SP,Endereco
Estrada Nova km 15 - Zona Rural Florianópolis - SC,Endereco
Alameda Rio Branco 101 - Alphaville Barueri - SP,Endereco
17,Idade
23,Idade
36,Idade
48,Idade
30,Idade
57,Idade
33,Idade
43,Idade
24,Idade
64,Idade
20,Idade
38,Idade
52,Idade
27,Idade
45,Idade
34,Idade
60,Idade
26,Idade
41,Idade
22,Idade
"Rua das Acácias 100 Jardim Primavera São Paulo SP",Endereco
"Av. Brasil 1500 Centro Rio de Janeiro RJ",Endereco
"Travessa da Paz 23 Vila Nova Porto Alegre RS",Endereco
"Alameda Santos 45 Jardim Paulista São Paulo SP",Endereco
"Rodovia BR-101 km 78 São José Santa Catarina SC",Endereco
"Praça da Sé 1 Centro São Paulo SP",Endereco
"Estrada Velha km 12 Zona Rural Goiânia GO",Endereco
"Quadra 102 Sul Alameda 5 Plano Diretor Sul Palmas TO",Endereco
"Rua XV de Novembro 789 Centro Curitiba PR",Endereco
"Avenida Beira Mar 456 Praia de Iracema Fortaleza CE",Endereco
"Loteamento Verde Quadra 3 Cuiabá MT",Endereco
"Passarela do Samba 34 Centro Rio de Janeiro RJ",Endereco
"Viela São Francisco 12 Vila Madalena São Paulo SP",Endereco
"Avenida Paulista 1000 Bela Vista São Paulo SP",Endereco
"Rua do Comércio 89 Centro Salvador BA",Endereco
"Alameda Rio Negro 1010 Alphaville Barueri SP",Endereco
"Estrada do Mangue km 5 Zona Rural Recife PE",Endereco
"Travessa da Esperança 3 Liberdade São Paulo SP",Endereco
"Rua da Aurora 235 Boa Vista Recife PE",Endereco
"Praça da Liberdade 2 Centro Belo Horizonte MG",Endereco
"Avenida Central 500 Centro Belém PA",Endereco
"Alameda dos Ipês 67 Jardim Botânico Brasília DF",Endereco
"Rua Sete de Setembro 89 Centro Porto Alegre RS",Endereco
"Avenida Beira Rio 456 Centro Manaus AM",Endereco
"Rodovia BR-116 km 89 São José dos Pinhais PR",Endereco
"Alameda das Flores 45 Jardim Europa Brasília DF",Endereco
"Passarela da Cultura 56 Centro Curitiba PR",Endereco
"Avenida Brasil 1500 Centro Vitória ES",Endereco
"Rua do Mercado 78 Centro Fortaleza CE",Endereco
"Alameda Rio Branco 101 Alphaville Barueri SP",Endereco